symbol,status,rows,features,lstm,xgboost,prediction,reason
786,SUCCESS,674.0,624.0,True,True,"{'current_price': 13.350000381469728, 'predicted_price': 13.278434949928016, 'change_pct': -0.5360706329345697, 'direction': 'DOWN', 'confidence': 0.469061803817749, 'recommendation': 'HOLD'}",
AABS,SUCCESS,2342.0,2041.0,True,True,"{'current_price': 1047.5699462890625, 'predicted_price': 1040.1880046770113, 'change_pct': -0.7046729087829525, 'direction': 'DOWN', 'confidence': 0.616588795185089, 'recommendation': 'HOLD'}",
ABL,SUCCESS,3415.0,3361.0,True,True,"{'current_price': 173.02999877929688, 'predicted_price': 171.9582620630772, 'change_pct': -0.6193935871124268, 'direction': 'DOWN', 'confidence': 0.5419693887233734, 'recommendation': 'HOLD'}",
ABOT,SUCCESS,3357.0,3284.0,True,True,"{'current_price': 1090.8599853515625, 'predicted_price': 1083.4930335906233, 'change_pct': -0.6753343105316079, 'direction': 'DOWN', 'confidence': 0.5909175217151641, 'recommendation': 'HOLD'}",
ACPL,SUCCESS,3409.0,3355.0,True,True,"{'current_price': 286.760009765625, 'predicted_price': 285.6096934882002, 'change_pct': -0.4011425018310504, 'direction': 'DOWN', 'confidence': 0.35099968910217283, 'recommendation': 'HOLD'}",
ADAMS,SUCCESS,2743.0,2651.0,True,True,"{'current_price': 73.0, 'predicted_price': 72.57111219024658, 'change_pct': -0.5875175476074239, 'direction': 'DOWN', 'confidence': 0.5140778541564941, 'recommendation': 'HOLD'}",
ADMM,SUCCESS,2827.0,2720.0,True,True,"{'current_price': 48.5, 'predicted_price': 48.24723886537552, 'change_pct': -0.5211569786071717, 'direction': 'DOWN', 'confidence': 0.4560123562812805, 'recommendation': 'HOLD'}",
ADOS,SUCCESS,2151.0,1985.0,True,True,"{'current_price': 25.5, 'predicted_price': 25.39363438081741, 'change_pct': -0.4171200752258428, 'direction': 'DOWN', 'confidence': 0.3649800658226013, 'recommendation': 'HOLD'}",
AEL,SUCCESS,827.0,765.0,True,True,"{'current_price': 14.33, 'predicted_price': 14.432864026327133, 'change_pct': 0.7178229331970186, 'direction': 'UP', 'confidence': 0.6280950665473938, 'recommendation': 'HOLD'}",
AGIC,SUCCESS,2924.0,2812.0,True,True,"{'current_price': 38.83000183105469, 'predicted_price': 38.5871569741461, 'change_pct': -0.6254052162170451, 'direction': 'DOWN', 'confidence': 0.5472295641899109, 'recommendation': 'HOLD'}",
AGIL,SUCCESS,3119.0,3036.0,True,True,"{'current_price': 143.89999389648438, 'predicted_price': 143.29615842438295, 'change_pct': -0.4196216106414827, 'direction': 'DOWN', 'confidence': 0.36716890931129453, 'recommendation': 'HOLD'}",
AGL,SUCCESS,2929.0,2867.0,True,True,"{'current_price': 70.5, 'predicted_price': 70.06535089588165, 'change_pct': -0.6165235519409217, 'direction': 'DOWN', 'confidence': 0.5394581079483032, 'recommendation': 'HOLD'}",
AGP,SUCCESS,856.0,806.0,True,True,"{'current_price': 187.83999633789065, 'predicted_price': 186.6125010426079, 'change_pct': -0.6534791946411165, 'direction': 'DOWN', 'confidence': 0.571794295310974, 'recommendation': 'HOLD'}",
AGSML,SUCCESS,934.0,875.0,True,True,"{'current_price': 9.149999618530272, 'predicted_price': 9.08025380804443, 'change_pct': -0.7622493267059203, 'direction': 'DOWN', 'confidence': 0.666968160867691, 'recommendation': 'HOLD'}",
AGTL,SUCCESS,3363.0,3308.0,True,True,"{'current_price': 401.8800048828125, 'predicted_price': 399.7516340030711, 'change_pct': -0.529603576660159, 'direction': 'DOWN', 'confidence': 0.4634031295776367, 'recommendation': 'HOLD'}",
AHCL,SUCCESS,4701.0,4638.0,True,True,"{'current_price': 15.18000030517578, 'predicted_price': 15.247686806265694, 'change_pct': 0.4458926200866819, 'direction': 'UP', 'confidence': 0.39015604257583614, 'recommendation': 'HOLD'}",
AHL,SUCCESS,3415.0,3362.0,True,True,"{'current_price': 99.06999969482422, 'predicted_price': 98.59339888199753, 'change_pct': -0.48107481002807384, 'direction': 'DOWN', 'confidence': 0.42094045877456665, 'recommendation': 'HOLD'}",
AHTM,SUCCESS,523.0,130.0,True,True,"{'current_price': 95.02999877929688, 'predicted_price': 94.48458787235867, 'change_pct': -0.5739355087280333, 'direction': 'DOWN', 'confidence': 0.5021935701370239, 'recommendation': 'HOLD'}",
AICL,SUCCESS,3422.0,3368.0,True,True,"{'current_price': 77.73999786376953, 'predicted_price': 77.21408919810632, 'change_pct': -0.6764968872070258, 'direction': 'DOWN', 'confidence': 0.5919347763061523, 'recommendation': 'HOLD'}",
AKBL,SUCCESS,2575.0,2522.0,True,True,"{'current_price': 98.27999877929688, 'predicted_price': 97.87363898625605, 'change_pct': -0.41347150802612975, 'direction': 'DOWN', 'confidence': 0.3617875695228576, 'recommendation': 'HOLD'}",
AKDCL,SKIP,,,,,,Insufficient data (156 rows)
ALAC,SUCCESS,903.0,817.0,True,True,"{'current_price': 12.0, 'predicted_price': 11.906828613281249, 'change_pct': -0.7764282226562595, 'direction': 'DOWN', 'confidence': 0.6793746948242188, 'recommendation': 'HOLD'}",
ALNRS,SUCCESS,1643.0,1524.0,True,True,"{'current_price': 100.0, 'predicted_price': 99.2838942527771, 'change_pct': -0.7161057472228975, 'direction': 'DOWN', 'confidence': 0.6265925288200378, 'recommendation': 'HOLD'}",
ALTN,SUCCESS,1726.0,1609.0,True,True,"{'current_price': 11.020000457763672, 'predicted_price': 11.072784714640743, 'change_pct': 0.47898597717284713, 'direction': 'UP', 'confidence': 0.4191127300262451, 'recommendation': 'HOLD'}",
AMBL,SUCCESS,2853.0,2301.0,True,True,"{'current_price': 10.0, 'predicted_price': 10.04847999572754, 'change_pct': 0.48479995727539915, 'direction': 'UP', 'confidence': 0.42419996261596676, 'recommendation': 'HOLD'}",
ANL,SUCCESS,3438.0,3385.0,True,True,"{'current_price': 11.81999969482422, 'predicted_price': 11.748200255473911, 'change_pct': -0.607440280914298, 'direction': 'DOWN', 'confidence': 0.5315102458000183, 'recommendation': 'HOLD'}",
ANTM,SUCCESS,519.0,341.0,True,True,"{'current_price': 34.70000076293945, 'predicted_price': 34.48512909535998, 'change_pct': -0.6192266941070557, 'direction': 'DOWN', 'confidence': 0.5418233573436737, 'recommendation': 'HOLD'}",
APL,SUCCESS,3430.0,3375.0,True,True,"{'current_price': 535.52001953125, 'predicted_price': 532.8002571194339, 'change_pct': -0.5078731536865294, 'direction': 'DOWN', 'confidence': 0.444389009475708, 'recommendation': 'HOLD'}",
ARM,SKIP,,,,,,Insufficient data (90 rows)
ARPL,SUCCESS,3364.0,3307.0,True,True,"{'current_price': 423.2200012207031, 'predicted_price': 421.4669011930255, 'change_pct': -0.41422901153564107, 'direction': 'DOWN', 'confidence': 0.36245038509368893, 'recommendation': 'HOLD'}",
ASC,SUCCESS,1767.0,1714.0,True,True,"{'current_price': 15.279999732971191, 'predicted_price': 15.208809865707899, 'change_pct': -0.46590228080749996, 'direction': 'DOWN', 'confidence': 0.4076644957065582, 'recommendation': 'HOLD'}",
ASHT,SUCCESS,601.0,410.0,True,True,"{'current_price': 21.709999084472656, 'predicted_price': 21.545752484500753, 'change_pct': -0.7565481662750296, 'direction': 'DOWN', 'confidence': 0.6619796454906464, 'recommendation': 'HOLD'}",
ASL,SUCCESS,2515.0,2459.0,True,True,"{'current_price': 13.079999923706056, 'predicted_price': 12.99843783342252, 'change_pct': -0.6235633850097715, 'direction': 'DOWN', 'confidence': 0.5456179618835448, 'recommendation': 'HOLD'}",
ASTL,SUCCESS,1712.0,1659.0,True,True,"{'current_price': 22.1299991607666, 'predicted_price': 22.037413828641565, 'change_pct': -0.418370246887209, 'direction': 'DOWN', 'confidence': 0.36607396602630615, 'recommendation': 'HOLD'}",
ASTM,SUCCESS,1840.0,1611.0,True,True,"{'current_price': 21.049999237060547, 'predicted_price': 20.934934047577883, 'change_pct': -0.54662799835204, 'direction': 'DOWN', 'confidence': 0.4782994985580444, 'recommendation': 'HOLD'}",
ATBA,SUCCESS,3288.0,3192.0,True,True,"{'current_price': 239.63999938964844, 'predicted_price': 238.63951857272335, 'change_pct': -0.41749324798584014, 'direction': 'DOWN', 'confidence': 0.36530659198760984, 'recommendation': 'HOLD'}",
ATIL,SUCCESS,3045.0,2936.0,True,True,"{'current_price': 76.81999969482422, 'predicted_price': 76.43871798378778, 'change_pct': -0.49633131027221994, 'direction': 'DOWN', 'confidence': 0.43428989648818966, 'recommendation': 'HOLD'}",
ATLH,SUCCESS,3170.0,3094.0,True,True,"{'current_price': 1480.735479248047, 'predicted_price': 1474.5381332279126, 'change_pct': -0.41853160858154803, 'direction': 'DOWN', 'confidence': 0.3662151575088501, 'recommendation': 'HOLD'}",
ATRL,SUCCESS,3438.0,3385.0,True,True,"{'current_price': 676.02001953125, 'predicted_price': 671.755097219662, 'change_pct': -0.6308869838714591, 'direction': 'DOWN', 'confidence': 0.5520261108875274, 'recommendation': 'HOLD'}",
AVN,SUCCESS,2163.0,2108.0,True,True,"{'current_price': 43.310001373291016, 'predicted_price': 43.07170124346432, 'change_pct': -0.5502196311950608, 'direction': 'DOWN', 'confidence': 0.4814421772956848, 'recommendation': 'HOLD'}",
AWWAL,SKIP,,,,,,Insufficient data (9 rows)
BAFL,SUCCESS,4481.0,4428.0,True,True,"{'current_price': 103.98999786376952, 'predicted_price': 103.34592812176092, 'change_pct': -0.6193573951721303, 'direction': 'DOWN', 'confidence': 0.5419377207756042, 'recommendation': 'HOLD'}",
BAHL,SUCCESS,5557.0,5502.0,True,True,"{'current_price': 184.8699951171875, 'predicted_price': 184.07700651297756, 'change_pct': -0.4289439201354821, 'direction': 'DOWN', 'confidence': 0.37532593011856075, 'recommendation': 'HOLD'}",
BAPL,SUCCESS,952.0,876.0,True,True,"{'current_price': 38.93999862670898, 'predicted_price': 38.72774056659631, 'change_pct': -0.5450900554656907, 'direction': 'DOWN', 'confidence': 0.47695379853248593, 'recommendation': 'HOLD'}",
BATA,SUCCESS,2861.0,2653.0,True,True,"{'current_price': 1229.969970703125, 'predicted_price': 1224.945420161852, 'change_pct': -0.4085100173950236, 'direction': 'DOWN', 'confidence': 0.35744626522064205, 'recommendation': 'HOLD'}",
BCL,SUCCESS,1946.0,1848.0,True,True,"{'current_price': 90.36000061035156, 'predicted_price': 89.87271345984331, 'change_pct': -0.5392730712890547, 'direction': 'DOWN', 'confidence': 0.47186393737792964, 'recommendation': 'HOLD'}",
BCML,SKIP,,,,,,Insufficient data (5 rows)
BERG,SUCCESS,3195.0,3141.0,True,True,"{'current_price': 99.69000244140624, 'predicted_price': 99.17715504179026, 'change_pct': -0.5144421577453661, 'direction': 'DOWN', 'confidence': 0.45013688802719115, 'recommendation': 'HOLD'}",
BGL,SUCCESS,4606.0,4541.0,True,True,"{'current_price': 12.739999771118164, 'predicted_price': 12.661116311937363, 'change_pct': -0.6191794395446661, 'direction': 'DOWN', 'confidence': 0.541782009601593, 'recommendation': 'HOLD'}",
BHAT,SUCCESS,604.0,336.0,True,True,"{'current_price': 806.0399780273438, 'predicted_price': 799.8189976580827, 'change_pct': -0.7717955112457219, 'direction': 'DOWN', 'confidence': 0.6753210723400116, 'recommendation': 'HOLD'}",
BIFO,SUCCESS,2716.0,2646.0,True,True,"{'current_price': 169.14999389648438, 'predicted_price': 169.89082007519715, 'change_pct': 0.43796997070313065, 'direction': 'UP', 'confidence': 0.38322372436523433, 'recommendation': 'HOLD'}",
BILF,SUCCESS,2160.0,1960.0,True,True,"{'current_price': 40.9900016784668, 'predicted_price': 40.802564742266625, 'change_pct': -0.45727477073668293, 'direction': 'DOWN', 'confidence': 0.4001154243946075, 'recommendation': 'HOLD'}",
BIPL,SUCCESS,3973.0,3909.0,True,True,"{'current_price': 31.06999969482422, 'predicted_price': 30.85465729761875, 'change_pct': -0.6930878639221258, 'direction': 'DOWN', 'confidence': 0.6064518809318542, 'recommendation': 'HOLD'}",
BIPLS,SUCCESS,510.0,460.0,True,True,"{'current_price': 10.37, 'predicted_price': 10.291819768586159, 'change_pct': -0.753907728195185, 'direction': 'DOWN', 'confidence': 0.6596692621707916, 'recommendation': 'HOLD'}",
BNL,SUCCESS,529.0,476.0,True,True,"{'current_price': 119.68000030517578, 'predicted_price': 120.46946627886855, 'change_pct': 0.659647369384765, 'direction': 'UP', 'confidence': 0.5771914482116699, 'recommendation': 'HOLD'}",
BNWM,SUCCESS,3016.0,2957.0,True,True,"{'current_price': 67.06999969482422, 'predicted_price': 66.69122564280241, 'change_pct': -0.5647443771362366, 'direction': 'DOWN', 'confidence': 0.49415132999420164, 'recommendation': 'HOLD'}",
BOK,SUCCESS,3326.0,3260.0,True,True,"{'current_price': 34.0, 'predicted_price': 33.80464931678772, 'change_pct': -0.574560832977302, 'direction': 'DOWN', 'confidence': 0.502740728855133, 'recommendation': 'HOLD'}",
BOP,SUCCESS,3438.0,3385.0,True,True,"{'current_price': 35.11000061035156, 'predicted_price': 34.86190350242384, 'change_pct': -0.7066280364990156, 'direction': 'DOWN', 'confidence': 0.6182995319366454, 'recommendation': 'HOLD'}",
BPL,SUCCESS,3144.0,3065.0,True,True,"{'current_price': 31.8799991607666, 'predicted_price': 31.69547165679322, 'change_pct': -0.5788190364837642, 'direction': 'DOWN', 'confidence': 0.5064666569232941, 'recommendation': 'HOLD'}",
BRR,SUCCESS,2564.0,2441.0,True,True,"{'current_price': 10.02, 'predicted_price': 9.971891699752806, 'change_pct': -0.4801227569580177, 'direction': 'DOWN', 'confidence': 0.4201074123382568, 'recommendation': 'HOLD'}",
BTL,SUCCESS,677.0,530.0,True,True,"{'current_price': 338.79998779296875, 'predicted_price': 336.41985241768117, 'change_pct': -0.7025193214416567, 'direction': 'DOWN', 'confidence': 0.6147044062614441, 'recommendation': 'HOLD'}",
BUXL,SUCCESS,1961.0,1742.0,True,True,"{'current_price': 138.6199951171875, 'predicted_price': 137.81395731587546, 'change_pct': -0.5814729690551717, 'direction': 'DOWN', 'confidence': 0.5087888479232788, 'recommendation': 'HOLD'}",
BWCL,SUCCESS,2036.0,1945.0,True,True,"{'current_price': 553.8099975585938, 'predicted_price': 549.904466580089, 'change_pct': -0.705211353302007, 'direction': 'DOWN', 'confidence': 0.6170599341392516, 'recommendation': 'HOLD'}",
BWHL,SUCCESS,734.0,652.0,True,True,"{'current_price': 178.02999877929688, 'predicted_price': 177.22953671827332, 'change_pct': -0.4496220111846891, 'direction': 'DOWN', 'confidence': 0.3934192597866058, 'recommendation': 'HOLD'}",
BYCO,SUCCESS,2933.0,2883.0,True,True,"{'current_price': 9.97, 'predicted_price': 9.919809190483093, 'change_pct': -0.5034183502197338, 'direction': 'DOWN', 'confidence': 0.4404910564422607, 'recommendation': 'HOLD'}",
CCM,SUCCESS,573.0,344.0,True,True,"{'current_price': 52.02999877929688, 'predicted_price': 51.61948857124238, 'change_pct': -0.7889875411987302, 'direction': 'DOWN', 'confidence': 0.6903640985488891, 'recommendation': 'HOLD'}",
CENI,SUCCESS,2842.0,2731.0,True,True,"{'current_price': 55.119998931884766, 'predicted_price': 54.80214767099238, 'change_pct': -0.5766532421112185, 'direction': 'DOWN', 'confidence': 0.5045715868473053, 'recommendation': 'HOLD'}",
CEPB,SUCCESS,3402.0,3348.0,True,True,"{'current_price': 30.90999984741211, 'predicted_price': 31.060045862401306, 'change_pct': 0.48542871475219207, 'direction': 'UP', 'confidence': 0.4247501254081726, 'recommendation': 'HOLD'}",
CHAS,SUCCESS,4543.0,4416.0,True,True,"{'current_price': 70.0, 'predicted_price': 69.55838468551636, 'change_pct': -0.6308790206909163, 'direction': 'DOWN', 'confidence': 0.5520191431045531, 'recommendation': 'HOLD'}",
CHCC,SUCCESS,5528.0,5474.0,True,True,"{'current_price': 328.29998779296875, 'predicted_price': 329.6699136197932, 'change_pct': 0.4172786712646299, 'direction': 'UP', 'confidence': 0.36511883735656736, 'recommendation': 'HOLD'}",
CLOV,SUCCESS,2998.0,2940.0,True,True,"{'current_price': 37.630001068115234, 'predicted_price': 37.78371120846744, 'change_pct': 0.4084776401519827, 'direction': 'UP', 'confidence': 0.3574179351329803, 'recommendation': 'HOLD'}",
COLG,SUCCESS,2763.0,2627.0,True,True,"{'current_price': 1271.3299560546875, 'predicted_price': 1278.2386813194034, 'change_pct': 0.5434250354766874, 'direction': 'UP', 'confidence': 0.475496906042099, 'recommendation': 'HOLD'}",
CPPL,SUCCESS,3416.0,3359.0,True,True,"{'current_price': 98.68000030517578, 'predicted_price': 98.06094963076833, 'change_pct': -0.6273314476013206, 'direction': 'DOWN', 'confidence': 0.5489150166511535, 'recommendation': 'HOLD'}",
CRTM,SUCCESS,3052.0,2990.0,True,True,"{'current_price': 23.489999771118164, 'predicted_price': 23.383265991449846, 'change_pct': -0.454379653930652, 'direction': 'DOWN', 'confidence': 0.397582197189331, 'recommendation': 'HOLD'}",
CSAP,SUCCESS,5281.0,5220.0,True,True,"{'current_price': 97.83999633789062, 'predicted_price': 97.25914339301792, 'change_pct': -0.5936763763427853, 'direction': 'DOWN', 'confidence': 0.5194668292999267, 'recommendation': 'HOLD'}",
CSIL,SUCCESS,2798.0,2727.0,True,True,"{'current_price': 5.110000133514404, 'predicted_price': 5.08352604765385, 'change_pct': -0.51808385848998, 'direction': 'DOWN', 'confidence': 0.4533233761787414, 'recommendation': 'HOLD'}",
CTM,SUCCESS,2028.0,1974.0,True,True,"{'current_price': 6.659999847412109, 'predicted_price': 6.616592609780136, 'change_pct': -0.6517603397369417, 'direction': 'DOWN', 'confidence': 0.5702902972698212, 'recommendation': 'HOLD'}",
CWSM,SUCCESS,1715.0,1558.0,True,True,"{'current_price': 39.880001068115234, 'predicted_price': 39.712321336069905, 'change_pct': -0.4204607009887767, 'direction': 'DOWN', 'confidence': 0.36790311336517334, 'recommendation': 'HOLD'}",
CYAN,SUCCESS,3225.0,3171.0,True,True,"{'current_price': 50.18000030517578, 'predicted_price': 49.89187250482807, 'change_pct': -0.5741885185241629, 'direction': 'DOWN', 'confidence': 0.5024149537086486, 'recommendation': 'HOLD'}",
DAAG,SUCCESS,2096.0,1930.0,True,True,"{'current_price': 95.0, 'predicted_price': 94.5091708946228, 'change_pct': -0.5166622161865283, 'direction': 'DOWN', 'confidence': 0.452079439163208, 'recommendation': 'HOLD'}",
DADX,SUCCESS,620.0,519.0,True,True,"{'current_price': 58.220001220703125, 'predicted_price': 57.88465758157471, 'change_pct': -0.5759938716888398, 'direction': 'DOWN', 'confidence': 0.5039946377277374, 'recommendation': 'HOLD'}",
DAWH,SUCCESS,3421.0,3368.0,True,True,"{'current_price': 219.9900054931641, 'predicted_price': 221.0974794307442, 'change_pct': 0.5034201145172067, 'direction': 'UP', 'confidence': 0.44049260020256037, 'recommendation': 'HOLD'}",
DCL,SUCCESS,3436.0,3383.0,True,True,"{'current_price': 12.65999984741211, 'predicted_price': 12.585980062461356, 'change_pct': -0.5846744537353518, 'direction': 'DOWN', 'confidence': 0.5115901470184326, 'recommendation': 'HOLD'}",
DCR,SUCCESS,1811.0,1758.0,True,True,"{'current_price': 32.088905391693125, 'predicted_price': 32.238330052949735, 'change_pct': 0.4656583309173637, 'direction': 'UP', 'confidence': 0.4074510395526886, 'recommendation': 'HOLD'}",
DEL,SUCCESS,3033.0,2899.0,True,True,"{'current_price': 26.894640197754327, 'predicted_price': 26.716444162263958, 'change_pct': -0.662570810317993, 'direction': 'DOWN', 'confidence': 0.5797494590282439, 'recommendation': 'HOLD'}",
DFML,SUCCESS,5422.0,5369.0,True,True,"{'current_price': 27.700000762939453, 'predicted_price': 27.56477494720894, 'change_pct': -0.4881798267364545, 'direction': 'DOWN', 'confidence': 0.4271573483943939, 'recommendation': 'HOLD'}",
DFSM,SUCCESS,3082.0,3016.0,True,True,"{'current_price': 5.300000190734863, 'predicted_price': 5.263341682545338, 'change_pct': -0.691669940948481, 'direction': 'DOWN', 'confidence': 0.6052111983299255, 'recommendation': 'HOLD'}",
DGKC,SUCCESS,3439.0,3386.0,True,True,"{'current_price': 227.2899932861328, 'predicted_price': 226.35619283172912, 'change_pct': -0.41084098815918574, 'direction': 'DOWN', 'confidence': 0.3594858646392822, 'recommendation': 'HOLD'}",
DINT,SUCCESS,672.0,372.0,True,True,"{'current_price': 70.0, 'predicted_price': 69.45099267482757, 'change_pct': -0.7842961788177507, 'direction': 'DOWN', 'confidence': 0.6862591564655304, 'recommendation': 'HOLD'}",
DKL,SUCCESS,1357.0,1307.0,True,True,"{'current_price': 5.89, 'predicted_price': 5.850448679995536, 'change_pct': -0.6714994907379163, 'direction': 'DOWN', 'confidence': 0.5875620543956757, 'recommendation': 'HOLD'}",
DLL,SUCCESS,2949.0,2841.0,True,True,"{'current_price': 470.5799865722656, 'predicted_price': 472.95373817245115, 'change_pct': 0.5044310569763251, 'direction': 'UP', 'confidence': 0.4413771748542785, 'recommendation': 'HOLD'}",
DNCC,SUCCESS,2589.0,2467.0,True,True,"{'current_price': 19.796020319976808, 'predicted_price': 19.659017547603494, 'change_pct': -0.6920722961425764, 'direction': 'DOWN', 'confidence': 0.6055632591247558, 'recommendation': 'HOLD'}",
DOL,SUCCESS,3448.0,3395.0,True,True,"{'current_price': 32.45000076293945, 'predicted_price': 32.28613905330683, 'change_pct': -0.5049667358398446, 'direction': 'DOWN', 'confidence': 0.4418458938598632, 'recommendation': 'HOLD'}",
DSIL,SUCCESS,3420.0,3365.0,True,True,"{'current_price': 12.300000190734863, 'predicted_price': 12.224982671671107, 'change_pct': -0.6098985195159935, 'direction': 'DOWN', 'confidence': 0.5336612045764922, 'recommendation': 'HOLD'}",
DSL,SUCCESS,1854.0,1801.0,True,True,"{'current_price': 7.579999923706055, 'predicted_price': 7.6137355230845944, 'change_pct': 0.44506068229675616, 'direction': 'UP', 'confidence': 0.3894280970096588, 'recommendation': 'HOLD'}",
DWSM,SUCCESS,3128.0,3066.0,True,True,"{'current_price': 7.75, 'predicted_price': 7.700373421311378, 'change_pct': -0.640342950820933, 'direction': 'DOWN', 'confidence': 0.5603000819683075, 'recommendation': 'HOLD'}",
DWTM,SUCCESS,528.0,386.0,True,True,"{'current_price': 6.320000171661377, 'predicted_price': 6.292997452345786, 'change_pct': -0.42725820541381804, 'direction': 'DOWN', 'confidence': 0.37385092973709105, 'recommendation': 'HOLD'}",
DYNO,SUCCESS,3021.0,2916.0,True,True,"{'current_price': 271.54998779296875, 'predicted_price': 270.29333983920515, 'change_pct': -0.46276855468749994, 'direction': 'DOWN', 'confidence': 0.4049224853515625, 'recommendation': 'HOLD'}",
ECOP,SUCCESS,3334.0,3261.0,True,True,"{'current_price': 58.26, 'predicted_price': 57.94689705997467, 'change_pct': -0.5374235153198269, 'direction': 'DOWN', 'confidence': 0.47024557590484617, 'recommendation': 'HOLD'}",
EFERT,SUCCESS,2177.0,2124.0,True,True,"{'current_price': 212.68, 'predicted_price': 211.7778096940613, 'change_pct': -0.42420082092284983, 'direction': 'DOWN', 'confidence': 0.3711757183074951, 'recommendation': 'HOLD'}",
EFGH,SUCCESS,1078.0,986.0,True,True,"{'current_price': 22.989999771118164, 'predicted_price': 22.85052443245509, 'change_pct': -0.6066782951355015, 'direction': 'DOWN', 'confidence': 0.5308435082435607, 'recommendation': 'HOLD'}",
EFUG,SUCCESS,3253.0,3168.0,True,True,"{'current_price': 124.85, 'predicted_price': 124.17880111060143, 'change_pct': -0.5376042366027776, 'direction': 'DOWN', 'confidence': 0.4704037070274353, 'recommendation': 'HOLD'}",
EFUL,SUCCESS,3011.0,2846.0,True,True,"{'current_price': 155.63, 'predicted_price': 154.68432834022047, 'change_pct': -0.6076409816741765, 'direction': 'DOWN', 'confidence': 0.53168585896492, 'recommendation': 'HOLD'}",
ELCM,SUCCESS,541.0,302.0,True,True,"{'current_price': 217.68, 'predicted_price': 216.6943403156662, 'change_pct': -0.4528021335601786, 'direction': 'DOWN', 'confidence': 0.39620186686515807, 'recommendation': 'HOLD'}",
ELSM,SUCCESS,548.0,409.0,True,True,"{'current_price': 126.45846337890661, 'predicted_price': 125.45656368415237, 'change_pct': -0.7922757148742653, 'direction': 'DOWN', 'confidence': 0.6932412505149841, 'recommendation': 'HOLD'}",
EMCO,SUCCESS,2739.0,2586.0,True,True,"{'current_price': 74.54, 'predicted_price': 74.8698260787964, 'change_pct': 0.44248199462890647, 'direction': 'UP', 'confidence': 0.38717174530029297, 'recommendation': 'HOLD'}",
ENGRO,SUCCESS,5380.0,5324.0,True,True,"{'current_price': 443.3064735107458, 'predicted_price': 440.42815981777153, 'change_pct': -0.649283027648924, 'direction': 'DOWN', 'confidence': 0.56812264919281, 'recommendation': 'HOLD'}",
EPCL,SUCCESS,3485.0,3431.0,True,True,"{'current_price': 29.43000030517578, 'predicted_price': 29.60089830086538, 'change_pct': 0.5806931495666507, 'direction': 'UP', 'confidence': 0.5081065058708191, 'recommendation': 'HOLD'}",
EPQL,SUCCESS,1981.0,1928.0,True,True,"{'current_price': 29.15999984741211, 'predicted_price': 29.04306596100007, 'change_pct': -0.401007843017585, 'direction': 'DOWN', 'confidence': 0.35088186264038085, 'recommendation': 'HOLD'}",
ESBL,SUCCESS,3823.0,3571.0,True,True,"{'current_price': 9.93000030517578, 'predicted_price': 9.977647309909297, 'change_pct': 0.47982883453370223, 'direction': 'UP', 'confidence': 0.41985023021698, 'recommendation': 'HOLD'}",
EWIC,FAIL,,,,,,Insufficient data after cleaning
EXIDE,SUCCESS,3239.0,3171.0,True,True,"{'current_price': 634.3400268554688, 'predicted_price': 631.4765573324424, 'change_pct': -0.45140924453735254, 'direction': 'DOWN', 'confidence': 0.3949830889701843, 'recommendation': 'HOLD'}",
FABL,SUCCESS,1558.0,1505.0,True,True,"{'current_price': 84.87999725341797, 'predicted_price': 84.2903731867276, 'change_pct': -0.6946560859680272, 'direction': 'DOWN', 'confidence': 0.6078240752220153, 'recommendation': 'HOLD'}",
FANM,SUCCESS,549.0,365.0,True,True,"{'current_price': 7.840000152587891, 'predicted_price': 7.877280378533193, 'change_pct': 0.4755130767822331, 'direction': 'UP', 'confidence': 0.4160739421844482, 'recommendation': 'HOLD'}",
FATIMA,SUCCESS,3135.0,3082.0,True,True,"{'current_price': 134.80999755859375, 'predicted_price': 134.11203746899037, 'change_pct': -0.5177361488342312, 'direction': 'DOWN', 'confidence': 0.45301913022994994, 'recommendation': 'HOLD'}",
FCCL,SUCCESS,3439.0,3386.0,True,True,"{'current_price': 53.68999862670898, 'predicted_price': 53.41231987141849, 'change_pct': -0.5171889781951902, 'direction': 'DOWN', 'confidence': 0.4525403559207916, 'recommendation': 'HOLD'}",
FCEPL,SUCCESS,817.0,764.0,True,True,"{'current_price': 85.70999908447266, 'predicted_price': 85.10648981465782, 'change_pct': -0.704129362106327, 'direction': 'DOWN', 'confidence': 0.6161131918430328, 'recommendation': 'HOLD'}",
FCIBL,SUCCESS,1535.0,1228.0,True,True,"{'current_price': 14.369999885559082, 'predicted_price': 14.27667295969901, 'change_pct': -0.6494566917419388, 'direction': 'DOWN', 'confidence': 0.5682746052742004, 'recommendation': 'HOLD'}",
FCSC,SUCCESS,3360.0,3305.0,True,True,"{'current_price': 7.630000114440918, 'predicted_price': 7.58599346358098, 'change_pct': -0.5767581939697322, 'direction': 'DOWN', 'confidence': 0.5046634197235107, 'recommendation': 'HOLD'}",
FDIBL,SUCCESS,2772.0,2715.0,True,True,"{'current_price': 2.3, 'predicted_price': 2.2839466305732725, 'change_pct': -0.6979725837707524, 'direction': 'DOWN', 'confidence': 0.6107260107994079, 'recommendation': 'HOLD'}",
FECM,SUCCESS,3148.0,2944.0,True,True,"{'current_price': 24.40999984741211, 'predicted_price': 24.28637817694693, 'change_pct': -0.5064386367797798, 'direction': 'DOWN', 'confidence': 0.443133807182312, 'recommendation': 'HOLD'}",
FECTC,SUCCESS,3246.0,3188.0,True,True,"{'current_price': 175.69484690857126, 'predicted_price': 174.68774404530694, 'change_pct': -0.5732113838195846, 'direction': 'DOWN', 'confidence': 0.5015599608421325, 'recommendation': 'HOLD'}",
FEM,SUCCESS,2938.0,2732.0,True,True,"{'current_price': 11.5600004196167, 'predicted_price': 11.506357344835493, 'change_pct': -0.46404042243957716, 'direction': 'DOWN', 'confidence': 0.4060353696346283, 'recommendation': 'HOLD'}",
FEROZ,SUCCESS,3325.0,3272.0,True,True,"{'current_price': 400.3399963378906, 'predicted_price': 397.9198125558129, 'change_pct': -0.6045320987701377, 'direction': 'DOWN', 'confidence': 0.5289655864238738, 'recommendation': 'HOLD'}",
FFBL,SUCCESS,3213.0,3159.0,True,True,"{'current_price': 88.94000244140625, 'predicted_price': 88.46006463867735, 'change_pct': -0.5396197319030674, 'direction': 'DOWN', 'confidence': 0.4721672654151916, 'recommendation': 'HOLD'}",
FFC,SUCCESS,5598.0,5542.0,True,True,"{'current_price': 497.677774597172, 'predicted_price': 494.507548007731, 'change_pct': -0.6370038509368956, 'direction': 'DOWN', 'confidence': 0.5573783695697784, 'recommendation': 'HOLD'}",
FFL,SUCCESS,1562.0,1509.0,True,True,"{'current_price': 18.809999465942383, 'predicted_price': 18.722650904045572, 'change_pct': -0.46437301635741557, 'direction': 'DOWN', 'confidence': 0.4063263893127441, 'recommendation': 'HOLD'}",
FFLM,SUCCESS,4437.0,4130.0,True,True,"{'current_price': 14.181649972915759, 'predicted_price': 14.08675179593609, 'change_pct': -0.6691617488861044, 'direction': 'DOWN', 'confidence': 0.5855165302753448, 'recommendation': 'HOLD'}",
FHAM,SUCCESS,5259.0,5156.0,True,True,"{'current_price': 35.040000915527344, 'predicted_price': 35.191111069850926, 'change_pct': 0.43125042915344414, 'direction': 'UP', 'confidence': 0.37734412550926205, 'recommendation': 'HOLD'}",
FIBLM,SUCCESS,580.0,451.0,True,True,"{'current_price': 12.300000190734863, 'predicted_price': 12.222177272543513, 'change_pct': -0.632706642150876, 'direction': 'DOWN', 'confidence': 0.553618311882019, 'recommendation': 'HOLD'}",
FIMM,SUCCESS,521.0,210.0,True,True,"{'current_price': 278.75, 'predicted_price': 276.54670635521416, 'change_pct': -0.7904192447662223, 'direction': 'DOWN', 'confidence': 0.6916168391704559, 'recommendation': 'HOLD'}",
FLYNG,SUCCESS,3739.0,3682.0,True,True,"{'current_price': 55.369998931884766, 'predicted_price': 54.96612756399568, 'change_pct': -0.7294046878814723, 'direction': 'DOWN', 'confidence': 0.638229101896286, 'recommendation': 'HOLD'}",
FML,SUCCESS,1696.0,1486.0,True,True,"{'current_price': 69.0, 'predicted_price': 69.41387181472778, 'change_pct': 0.5998142242431656, 'direction': 'UP', 'confidence': 0.5248374462127685, 'recommendation': 'HOLD'}",
FNBM,FAIL,,,,,,Insufficient data after cleaning
FNEL,SUCCESS,3177.0,3111.0,True,True,"{'current_price': 23.190000534057617, 'predicted_price': 23.335341007709246, 'change_pct': 0.6267376899719218, 'direction': 'UP', 'confidence': 0.5483954787254333, 'recommendation': 'HOLD'}",
FPJM,SUCCESS,2813.0,2655.0,True,True,"{'current_price': 9.380000114440918, 'predicted_price': 9.333970547886977, 'change_pct': -0.49072031974792846, 'direction': 'DOWN', 'confidence': 0.42938027977943416, 'recommendation': 'HOLD'}",
FPRM,SUCCESS,663.0,573.0,True,True,"{'current_price': 13.75, 'predicted_price': 13.65336707353592, 'change_pct': -0.7027849197387649, 'direction': 'DOWN', 'confidence': 0.6149368047714233, 'recommendation': 'HOLD'}",
FRCL,SUCCESS,3618.0,3340.0,True,True,"{'current_price': 86.12000274658203, 'predicted_price': 86.47445675969462, 'change_pct': 0.41158151626586514, 'direction': 'UP', 'confidence': 0.3601338267326355, 'recommendation': 'HOLD'}",
FRSM,SUCCESS,2574.0,2459.0,True,True,"{'current_price': 55.5, 'predicted_price': 55.25379761409759, 'change_pct': -0.4436079025268598, 'direction': 'DOWN', 'confidence': 0.3881569147109985, 'recommendation': 'HOLD'}",
FTMM,SUCCESS,557.0,501.0,True,True,"{'current_price': 17.649999618530273, 'predicted_price': 17.529678823639696, 'change_pct': -0.6817042350769013, 'direction': 'DOWN', 'confidence': 0.5964912056922912, 'recommendation': 'HOLD'}",
FTSM,SUCCESS,540.0,450.0,True,True,"{'current_price': 12.949999809265137, 'predicted_price': 13.03495581487459, 'change_pct': 0.6560309410095151, 'direction': 'UP', 'confidence': 0.5740270733833313, 'recommendation': 'HOLD'}",
FUDLM,SUCCESS,3773.0,3689.0,True,True,"{'current_price': 7.88, 'predicted_price': 7.848264876937867, 'change_pct': -0.40272998809813726, 'direction': 'DOWN', 'confidence': 0.35238873958587646, 'recommendation': 'HOLD'}",
FZCM,SUCCESS,698.0,592.0,True,True,"{'current_price': 222.08999633789065, 'predicted_price': 221.06834584015337, 'change_pct': -0.4600164413452153, 'direction': 'DOWN', 'confidence': 0.402514386177063, 'recommendation': 'HOLD'}",
GADT,SUCCESS,3169.0,3094.0,True,True,"{'current_price': 363.0, 'predicted_price': 361.47805097150797, 'change_pct': -0.4192697048187414, 'direction': 'DOWN', 'confidence': 0.36686099171638487, 'recommendation': 'HOLD'}",
GAIL,SUCCESS,2722.0,2672.0,True,True,"{'current_price': 5.13, 'predicted_price': 5.155865813755989, 'change_pct': 0.5042068958282512, 'direction': 'UP', 'confidence': 0.44118103384971613, 'recommendation': 'HOLD'}",
GAMON,SUCCESS,2470.0,2337.0,True,True,"{'current_price': 24.51000022888184, 'predicted_price': 24.367372908509644, 'change_pct': -0.5819148063659657, 'direction': 'DOWN', 'confidence': 0.5091754555702209, 'recommendation': 'HOLD'}",
GATI,SUCCESS,1225.0,955.0,True,True,"{'current_price': 111.33999633789062, 'predicted_price': 110.52294794681467, 'change_pct': -0.7338318824768127, 'direction': 'DOWN', 'confidence': 0.6421028971672058, 'recommendation': 'HOLD'}",
GATM,SUCCESS,3110.0,3055.0,True,True,"{'current_price': 26.6299991607666, 'predicted_price': 26.75955846876016, 'change_pct': 0.48651638031005606, 'direction': 'UP', 'confidence': 0.42570183277130125, 'recommendation': 'HOLD'}",
GFIL,SUCCESS,2373.0,2153.0,True,True,"{'current_price': 14.739999771118164, 'predicted_price': 14.6643097845768, 'change_pct': -0.5135005950927701, 'direction': 'DOWN', 'confidence': 0.44931302070617674, 'recommendation': 'HOLD'}",
GGGL,SUCCESS,1820.0,1767.0,True,True,"{'current_price': 10.0600004196167, 'predicted_price': 10.106559730345147, 'change_pct': 0.4628161907196186, 'direction': 'UP', 'confidence': 0.4049641668796539, 'recommendation': 'HOLD'}",
GGL,SUCCESS,3149.0,3096.0,True,True,"{'current_price': 24.790000915527344, 'predicted_price': 24.66708142409316, 'change_pct': -0.49584302902221394, 'direction': 'DOWN', 'confidence': 0.43386265039443966, 'recommendation': 'HOLD'}",
GHGL,SUCCESS,3339.0,3286.0,True,True,"{'current_price': 34.130001068115234, 'predicted_price': 33.91103235912264, 'change_pct': -0.6415725231170738, 'direction': 'DOWN', 'confidence': 0.5613759577274322, 'recommendation': 'HOLD'}",
GHNI,SUCCESS,3317.0,3262.0,True,True,"{'current_price': 795.3699951171875, 'predicted_price': 790.6978593457943, 'change_pct': -0.5874166488647599, 'direction': 'DOWN', 'confidence': 0.5139895677566528, 'recommendation': 'HOLD'}",
GHNL,SUCCESS,3339.0,3286.0,True,True,"{'current_price': 553.97998046875, 'predicted_price': 551.0337464884175, 'change_pct': -0.5318304061889686, 'direction': 'DOWN', 'confidence': 0.4653516054153442, 'recommendation': 'HOLD'}",
GLAXO,SUCCESS,3433.0,3380.0,True,True,"{'current_price': 390.1400146484375, 'predicted_price': 388.07936296790234, 'change_pct': -0.5281826019287078, 'direction': 'DOWN', 'confidence': 0.46215977668762204, 'recommendation': 'HOLD'}",
GLPL,SUCCESS,696.0,637.0,True,True,"{'current_price': 364.8200073242188, 'predicted_price': 363.15981284627014, 'change_pct': -0.4550722122192259, 'direction': 'DOWN', 'confidence': 0.39818818569183345, 'recommendation': 'HOLD'}",
GOC,SUCCESS,762.0,588.0,True,True,"{'current_price': 118.0, 'predicted_price': 117.10087264823913, 'change_pct': -0.7619723320007352, 'direction': 'DOWN', 'confidence': 0.6667257905006408, 'recommendation': 'HOLD'}",
GRYL,SUCCESS,1680.0,1412.0,True,True,"{'current_price': 26.3799991607666, 'predicted_price': 26.203458346900135, 'change_pct': -0.6692222118377676, 'direction': 'DOWN', 'confidence': 0.5855694353580474, 'recommendation': 'HOLD'}",
GSKCH,SUCCESS,869.0,819.0,True,True,"{'current_price': 288.25, 'predicted_price': 286.1542005264759, 'change_pct': -0.727077007293702, 'direction': 'DOWN', 'confidence': 0.6361923813819885, 'recommendation': 'HOLD'}",
GTYR,SUCCESS,3379.0,3326.0,True,True,"{'current_price': 38.18999862670898, 'predicted_price': 38.39037407332859, 'change_pct': 0.5246804237365779, 'direction': 'UP', 'confidence': 0.4590953707695007, 'recommendation': 'HOLD'}",
GVGL,SUCCESS,2107.0,2020.0,True,True,"{'current_price': 56.65999984741211, 'predicted_price': 57.00144743518429, 'change_pct': 0.6026254653930698, 'direction': 'UP', 'confidence': 0.527297282218933, 'recommendation': 'HOLD'}",
GWLC,SUCCESS,4752.0,4663.0,True,True,"{'current_price': 64.87000274658203, 'predicted_price': 64.50199513735939, 'change_pct': -0.5673001289367673, 'direction': 'DOWN', 'confidence': 0.4963876128196716, 'recommendation': 'HOLD'}",
HABSM,SUCCESS,3302.0,3243.0,True,True,"{'current_price': 83.91000366210938, 'predicted_price': 83.47824624333511, 'change_pct': -0.5145482063293407, 'direction': 'DOWN', 'confidence': 0.45022968053817747, 'recommendation': 'HOLD'}",
HASCOL,SUCCESS,2095.0,2042.0,True,True,"{'current_price': 14.579999923706056, 'predicted_price': 14.488946171207058, 'change_pct': -0.6245113372802678, 'direction': 'DOWN', 'confidence': 0.5464474201202392, 'recommendation': 'HOLD'}",
HBL,SUCCESS,3693.0,3627.0,True,True,"{'current_price': 287.4599914550781, 'predicted_price': 285.4046050619845, 'change_pct': -0.7150165081024196, 'direction': 'DOWN', 'confidence': 0.6256394445896148, 'recommendation': 'HOLD'}",
HCAR,SUCCESS,5070.0,5016.0,True,True,"{'current_price': 284.8900146484375, 'predicted_price': 283.4577145698612, 'change_pct': -0.5027554512023891, 'direction': 'DOWN', 'confidence': 0.43991101980209346, 'recommendation': 'HOLD'}",
HGFA,SUCCESS,757.0,707.0,True,True,"{'current_price': 17.31999969482422, 'predicted_price': 17.391386452370718, 'change_pct': 0.41216373443604337, 'direction': 'UP', 'confidence': 0.36064326763153076, 'recommendation': 'HOLD'}",
HICL,SUCCESS,2956.0,2842.0,True,True,"{'current_price': 12.399999618530272, 'predicted_price': 12.311398948915562, 'change_pct': -0.7145215511322043, 'direction': 'DOWN', 'confidence': 0.6252063572406769, 'recommendation': 'HOLD'}",
HIFA,SUCCESS,720.0,670.0,True,True,"{'current_price': 6.21999979019165, 'predicted_price': 6.182776895901266, 'change_pct': -0.5984388351440413, 'direction': 'DOWN', 'confidence': 0.5236339807510376, 'recommendation': 'HOLD'}",
HINO,SUCCESS,3083.0,3023.0,True,True,"{'current_price': 510.0, 'predicted_price': 507.7271484947205, 'change_pct': -0.44565715789794214, 'direction': 'DOWN', 'confidence': 0.38995001316070554, 'recommendation': 'HOLD'}",
HINOON,SUCCESS,5207.0,5152.0,True,True,"{'current_price': 1120.010009765625, 'predicted_price': 1114.2826050629765, 'change_pct': -0.5113708496093756, 'direction': 'DOWN', 'confidence': 0.4474494934082031, 'recommendation': 'HOLD'}",
HIRAT,SUCCESS,3365.0,3265.0,True,True,"{'current_price': 5.369999885559082, 'predicted_price': 5.339031906868955, 'change_pct': -0.5766849040985136, 'direction': 'DOWN', 'confidence': 0.5045992910861968, 'recommendation': 'HOLD'}",
HMB,SUCCESS,5287.0,5228.0,True,True,"{'current_price': 112.19000244140624, 'predicted_price': 112.7337757347279, 'change_pct': 0.48468961715698466, 'direction': 'UP', 'confidence': 0.4241034150123596, 'recommendation': 'HOLD'}",
HMM,SUCCESS,419.0,364.0,True,True,"{'current_price': 9.48, 'predicted_price': 9.40890861591339, 'change_pct': -0.7499091148376638, 'direction': 'DOWN', 'confidence': 0.6561704754829406, 'recommendation': 'HOLD'}",
HRPL,SUCCESS,565.0,460.0,True,True,"{'current_price': 25.81999969482422, 'predicted_price': 25.664574353271735, 'change_pct': -0.6019571781158437, 'direction': 'DOWN', 'confidence': 0.526712530851364, 'recommendation': 'HOLD'}",
HSM,SUCCESS,981.0,931.0,True,True,"{'current_price': 17.86, 'predicted_price': 17.933136559991837, 'change_pct': 0.4094992160797182, 'direction': 'UP', 'confidence': 0.3583118140697479, 'recommendation': 'HOLD'}",
HTL,SUCCESS,1647.0,1594.0,True,True,"{'current_price': 51.84000015258789, 'predicted_price': 51.49135991596599, 'change_pct': -0.6725313186645497, 'direction': 'DOWN', 'confidence': 0.5884649038314819, 'recommendation': 'HOLD'}",
HUBC,SUCCESS,3439.0,3386.0,True,True,"{'current_price': 212.1000061035156, 'predicted_price': 213.02925588492354, 'change_pct': 0.43811869621277877, 'direction': 'UP', 'confidence': 0.3833538591861725, 'recommendation': 'HOLD'}",
HUMNL,SUCCESS,3731.0,3677.0,True,True,"{'current_price': 15.1899995803833, 'predicted_price': 15.110483943260464, 'change_pct': -0.523473596572874, 'direction': 'DOWN', 'confidence': 0.45803939700126645, 'recommendation': 'HOLD'}",
IBLHL,SUCCESS,3308.0,3255.0,True,True,"{'current_price': 66.69000244140625, 'predicted_price': 67.15634012669668, 'change_pct': 0.69926176071166, 'direction': 'UP', 'confidence': 0.6118540406227111, 'recommendation': 'HOLD'}",
ICI,SUCCESS,3382.0,3322.0,True,True,"{'current_price': 305.8099975585937, 'predicted_price': 304.14924998625986, 'change_pct': -0.5430651664733854, 'direction': 'DOWN', 'confidence': 0.47518202066421505, 'recommendation': 'HOLD'}",
ICIBL,SUCCESS,5060.0,4995.0,True,True,"{'current_price': 6.420000076293945, 'predicted_price': 6.446211630608199, 'change_pct': 0.40827965736388444, 'direction': 'UP', 'confidence': 0.35724470019340515, 'recommendation': 'HOLD'}",
ICL,SUCCESS,2764.0,2702.0,True,True,"{'current_price': 151.4785739593538, 'predicted_price': 150.7527122800875, 'change_pct': -0.4791843891143788, 'direction': 'DOWN', 'confidence': 0.4192863404750824, 'recommendation': 'HOLD'}",
IDRT,SUCCESS,525.0,323.0,True,True,"{'current_price': 21.76000022888184, 'predicted_price': 21.608944602292965, 'change_pct': -0.6941894531250042, 'direction': 'DOWN', 'confidence': 0.607415771484375, 'recommendation': 'HOLD'}",
IDSM,SUCCESS,594.0,349.0,True,True,"{'current_price': 27.0, 'predicted_price': 26.81529895877838, 'change_pct': -0.6840779304504391, 'direction': 'DOWN', 'confidence': 0.5985681891441345, 'recommendation': 'HOLD'}",
IDYM,SUCCESS,682.0,627.0,True,True,"{'current_price': 163.75999450683594, 'predicted_price': 162.55350003749518, 'change_pct': -0.7367455482482875, 'direction': 'DOWN', 'confidence': 0.6446523547172546, 'recommendation': 'HOLD'}",
IGIHL,SUCCESS,1054.0,1001.0,True,True,"{'current_price': 306.1300048828125, 'predicted_price': 307.64055499504934, 'change_pct': 0.49343419075013095, 'direction': 'UP', 'confidence': 0.4317549169063568, 'recommendation': 'HOLD'}",
IGIL,SUCCESS,892.0,820.0,True,True,"{'current_price': 20.350000381469727, 'predicted_price': 20.24299764594722, 'change_pct': -0.525811958312988, 'direction': 'DOWN', 'confidence': 0.4600854635238647, 'recommendation': 'HOLD'}",
ILP,SUCCESS,880.0,827.0,True,True,"{'current_price': 76.37000274658203, 'predicted_price': 75.81675062802432, 'change_pct': -0.7244364261627176, 'direction': 'DOWN', 'confidence': 0.6338818728923797, 'recommendation': 'HOLD'}",
ILTM,SKIP,,,,,,Insufficient data (52 rows)
IMSL,SUCCESS,1509.0,1431.0,True,True,"{'current_price': 15.01, 'predicted_price': 14.943994082698822, 'change_pct': -0.43974628448486197, 'direction': 'DOWN', 'confidence': 0.38477799892425535, 'recommendation': 'HOLD'}",
INDU,SUCCESS,3383.0,3330.0,True,True,"{'current_price': 2028.9100341796875, 'predicted_price': 2019.5305530704734, 'change_pct': -0.4622916221618642, 'direction': 'DOWN', 'confidence': 0.40450516939163206, 'recommendation': 'HOLD'}",
INIL,SUCCESS,3432.0,3373.0,True,True,"{'current_price': 189.8000030517578, 'predicted_price': 188.6513994922969, 'change_pct': -0.6051651954650934, 'direction': 'DOWN', 'confidence': 0.5295195460319518, 'recommendation': 'HOLD'}",
INKL,SUCCESS,594.0,407.0,True,True,"{'current_price': 85.57892262268082, 'predicted_price': 86.13743266876152, 'change_pct': 0.6526257038116504, 'direction': 'UP', 'confidence': 0.5710474908351898, 'recommendation': 'HOLD'}",
ISIL,SUCCESS,548.0,419.0,True,True,"{'current_price': 1975.1500244140625, 'predicted_price': 1964.6352611498048, 'change_pct': -0.5323526382446282, 'direction': 'DOWN', 'confidence': 0.4658085584640503, 'recommendation': 'HOLD'}",
ISL,SUCCESS,2807.0,2754.0,True,True,"{'current_price': 89.4800033569336, 'predicted_price': 89.09465456884479, 'change_pct': -0.43065352439880705, 'direction': 'DOWN', 'confidence': 0.37682183384895324, 'recommendation': 'HOLD'}",
ITTEFAQ,SUCCESS,1318.0,1265.0,True,True,"{'current_price': 9.130000114440918, 'predicted_price': 9.088820233238938, 'change_pct': -0.4510392189025951, 'direction': 'DOWN', 'confidence': 0.3946593165397644, 'recommendation': 'HOLD'}",
JATM,SUCCESS,1676.0,1422.0,True,True,"{'current_price': 22.5, 'predicted_price': 22.346605818271637, 'change_pct': -0.6817519187927227, 'direction': 'DOWN', 'confidence': 0.596532928943634, 'recommendation': 'HOLD'}",
JDMT,SUCCESS,565.0,492.0,True,True,"{'current_price': 122.36000061035156, 'predicted_price': 121.40381111009472, 'change_pct': -0.781455945968627, 'direction': 'DOWN', 'confidence': 0.6837739527225494, 'recommendation': 'HOLD'}",
JDWS,SUCCESS,2709.0,2553.0,True,True,"{'current_price': 807.030029296875, 'predicted_price': 801.776381376941, 'change_pct': -0.6509854316711409, 'direction': 'DOWN', 'confidence': 0.5696122527122497, 'recommendation': 'HOLD'}",
JGICL,SUCCESS,673.0,609.0,True,True,"{'current_price': 81.94999694824219, 'predicted_price': 81.34765330252213, 'change_pct': -0.7350136280059676, 'direction': 'DOWN', 'confidence': 0.6431369245052337, 'recommendation': 'HOLD'}",
JKSM,SUCCESS,553.0,397.0,True,True,"{'current_price': 188.3300018310547, 'predicted_price': 186.96920694880663, 'change_pct': -0.7225587368011535, 'direction': 'DOWN', 'confidence': 0.632238894701004, 'recommendation': 'HOLD'}",
JLICL,SUCCESS,2773.0,2658.0,True,True,"{'current_price': 172.0, 'predicted_price': 171.27191041946412, 'change_pct': -0.4233078956603951, 'direction': 'DOWN', 'confidence': 0.37039440870285034, 'recommendation': 'HOLD'}",
JOPP,SUCCESS,2167.0,2053.0,True,True,"{'current_price': 47.49, 'predicted_price': 47.78603416882038, 'change_pct': 0.6233610630035311, 'direction': 'UP', 'confidence': 0.5454409301280975, 'recommendation': 'HOLD'}",
JSBL,SUCCESS,3387.0,3333.0,True,True,"{'current_price': 19.100000381469727, 'predicted_price': 19.01102236112269, 'change_pct': -0.46585350036620465, 'direction': 'DOWN', 'confidence': 0.4076218128204345, 'recommendation': 'HOLD'}",
JSCL,SUCCESS,5104.0,5035.0,True,True,"{'current_price': 24.030000686645508, 'predicted_price': 24.133299237761584, 'change_pct': 0.42987327575684753, 'direction': 'UP', 'confidence': 0.3761391162872314, 'recommendation': 'HOLD'}",
JSGCL,SUCCESS,2743.0,2526.0,True,True,"{'current_price': 149.0, 'predicted_price': 148.04523016834258, 'change_pct': -0.6407851219177285, 'direction': 'DOWN', 'confidence': 0.560686981678009, 'recommendation': 'HOLD'}",
JSIL,SUCCESS,3093.0,3008.0,True,True,"{'current_price': 43.44685075759905, 'predicted_price': 43.689446996987236, 'change_pct': 0.5583747386932377, 'direction': 'UP', 'confidence': 0.4885778963565826, 'recommendation': 'HOLD'}",
JSML,SUCCESS,1628.0,1438.0,True,True,"{'current_price': 57.4900016784668, 'predicted_price': 57.07206110028282, 'change_pct': -0.7269795894622757, 'direction': 'DOWN', 'confidence': 0.6361071407794952, 'recommendation': 'HOLD'}",
JUBS,SUCCESS,1851.0,1623.0,True,True,"{'current_price': 22.600000381469727, 'predicted_price': 22.446667055212153, 'change_pct': -0.6784660339355365, 'direction': 'DOWN', 'confidence': 0.5936577796936034, 'recommendation': 'HOLD'}",
JVDC,SUCCESS,1902.0,1783.0,True,True,"{'current_price': 73.4800033569336, 'predicted_price': 73.14130415395249, 'change_pct': -0.4609406471252485, 'direction': 'DOWN', 'confidence': 0.4033230662345886, 'recommendation': 'HOLD'}",
KAPCO,SUCCESS,4298.0,4245.0,True,True,"{'current_price': 30.07999992370605, 'predicted_price': 30.240732981159702, 'change_pct': 0.534351921081547, 'direction': 'UP', 'confidence': 0.46755793094635006, 'recommendation': 'HOLD'}",
KASBM,SKIP,,,,,,Insufficient data (169 rows)
KCL,SUCCESS,614.0,276.0,True,True,"{'current_price': 175.72999572753906, 'predicted_price': 174.37471834013553, 'change_pct': -0.7712271213531611, 'direction': 'DOWN', 'confidence': 0.6748237311840057, 'recommendation': 'HOLD'}",
KEL,SUCCESS,5608.0,5541.0,True,True,"{'current_price': 5.800000190734863, 'predicted_price': 5.759273334308267, 'change_pct': -0.7021871566772561, 'direction': 'DOWN', 'confidence': 0.6144137620925902, 'recommendation': 'HOLD'}",
KHSM,SKIP,,,,,,Insufficient data (174 rows)
KHTC,SUCCESS,1970.0,1786.0,True,True,"{'current_price': 391.1099853515625, 'predicted_price': 393.04900354693336, 'change_pct': 0.49577312469481216, 'direction': 'UP', 'confidence': 0.43380148410797115, 'recommendation': 'HOLD'}",
KHYT,SUCCESS,514.0,347.0,True,True,"{'current_price': 1910.0, 'predicted_price': 1901.053707513809, 'change_pct': -0.4683922767639236, 'direction': 'DOWN', 'confidence': 0.4098432421684265, 'recommendation': 'HOLD'}",
KML,SUCCESS,2818.0,2633.0,True,True,"{'current_price': 15.460000038146973, 'predicted_price': 15.384336438125834, 'change_pct': -0.4894152641296373, 'direction': 'DOWN', 'confidence': 0.4282383561134338, 'recommendation': 'HOLD'}",
KOHC,SUCCESS,3427.0,3374.0,True,True,"{'current_price': 103.5500030517578, 'predicted_price': 103.03615175470873, 'change_pct': -0.4962349414825531, 'direction': 'DOWN', 'confidence': 0.4342055737972259, 'recommendation': 'HOLD'}",
KOHE,SUCCESS,3071.0,3009.0,True,True,"{'current_price': 17.5, 'predicted_price': 17.61531764268875, 'change_pct': 0.6589579582214355, 'direction': 'UP', 'confidence': 0.5765882134437561, 'recommendation': 'HOLD'}",
KOHP,SUCCESS,2243.0,2172.0,True,True,"{'current_price': 42.93000030517578, 'predicted_price': 43.106114713781125, 'change_pct': 0.41023621559143225, 'direction': 'UP', 'confidence': 0.3589566886425018, 'recommendation': 'HOLD'}",
KOIL,SUCCESS,2456.0,2381.0,True,True,"{'current_price': 60.7599983215332, 'predicted_price': 61.085693794980784, 'change_pct': 0.5360360145568922, 'direction': 'UP', 'confidence': 0.4690315127372741, 'recommendation': 'HOLD'}",
KOSM,SUCCESS,2772.0,2666.0,True,True,"{'current_price': 7.199999809265137, 'predicted_price': 7.153906574707382, 'change_pct': -0.6401838302612256, 'direction': 'DOWN', 'confidence': 0.5601608514785766, 'recommendation': 'HOLD'}",
KPUS,SUCCESS,631.0,380.0,True,True,"{'current_price': 149.0399932861328, 'predicted_price': 148.41684588187672, 'change_pct': -0.4181075096130371, 'direction': 'DOWN', 'confidence': 0.36584407091140747, 'recommendation': 'HOLD'}",
KSBP,SUCCESS,3003.0,2924.0,True,True,"{'current_price': 221.4900054931641, 'predicted_price': 220.5606538973919, 'change_pct': -0.41959075927734646, 'direction': 'DOWN', 'confidence': 0.36714191436767574, 'recommendation': 'HOLD'}",
KTML,SUCCESS,3352.0,3293.0,True,True,"{'current_price': 68.44000244140625, 'predicted_price': 68.74428758018665, 'change_pct': 0.44460129737854587, 'direction': 'UP', 'confidence': 0.38902613520622253, 'recommendation': 'HOLD'}",
LEUL,SUCCESS,2532.0,2397.0,True,True,"{'current_price': 48.83000183105469, 'predicted_price': 48.52127504137596, 'change_pct': -0.6322481632232643, 'direction': 'DOWN', 'confidence': 0.5532171428203583, 'recommendation': 'HOLD'}",
LMSM,SUCCESS,1700.0,1365.0,True,True,"{'current_price': 58.040000915527344, 'predicted_price': 57.626875342261094, 'change_pct': -0.7117945671081592, 'direction': 'DOWN', 'confidence': 0.6228202462196349, 'recommendation': 'HOLD'}",
LOADS,SUCCESS,1485.0,1432.0,True,True,"{'current_price': 18.61000061035156, 'predicted_price': 18.498446561530724, 'change_pct': -0.5994306564331056, 'direction': 'DOWN', 'confidence': 0.5245018243789673, 'recommendation': 'HOLD'}",
LOTCHEM,SUCCESS,3441.0,3388.0,True,True,"{'current_price': 27.799999237060547, 'predicted_price': 27.625556121559093, 'change_pct': -0.6274932384490912, 'direction': 'DOWN', 'confidence': 0.5490565836429595, 'recommendation': 'HOLD'}",
LPGL,SUCCESS,537.0,480.0,True,True,"{'current_price': 92.20999908447266, 'predicted_price': 91.77920927634712, 'change_pct': -0.46718339920044527, 'direction': 'DOWN', 'confidence': 0.4087854743003845, 'recommendation': 'HOLD'}",
LPL,SUCCESS,2240.0,2186.0,True,True,"{'current_price': 26.809999465942383, 'predicted_price': 26.669581014769577, 'change_pct': -0.5237540245056114, 'direction': 'DOWN', 'confidence': 0.4582847714424133, 'recommendation': 'HOLD'}",
LUCK,SUCCESS,3439.0,3381.0,True,True,"{'current_price': 432.6300048828125, 'predicted_price': 430.6341145769353, 'change_pct': -0.4613388538360459, 'direction': 'DOWN', 'confidence': 0.4036714971065521, 'recommendation': 'HOLD'}",
MACFL,SUCCESS,3191.0,3110.0,True,True,"{'current_price': 24.56999969482422, 'predicted_price': 24.694554460566327, 'change_pct': 0.5069384098052951, 'direction': 'UP', 'confidence': 0.4435711085796356, 'recommendation': 'HOLD'}",
MACTER,SUCCESS,619.0,500.0,True,True,"{'current_price': 348.6600036621094, 'predicted_price': 347.03574287028414, 'change_pct': -0.46585807800292656, 'direction': 'DOWN', 'confidence': 0.40762581825256344, 'recommendation': 'HOLD'}",
MARI,SUCCESS,5478.0,5424.0,True,True,"{'current_price': 693.8200073242188, 'predicted_price': 696.6574454150086, 'change_pct': 0.4089588165283266, 'direction': 'UP', 'confidence': 0.35783896446228025, 'recommendation': 'HOLD'}",
MCB,SUCCESS,3439.0,3386.0,True,True,"{'current_price': 350.6600036621094, 'predicted_price': 348.89750889129573, 'change_pct': -0.502622127532959, 'direction': 'DOWN', 'confidence': 0.43979436159133906, 'recommendation': 'HOLD'}",
MCBAH,SUCCESS,2378.0,2213.0,True,True,"{'current_price': 27.27, 'predicted_price': 27.47027322986126, 'change_pct': 0.7344086170196551, 'direction': 'UP', 'confidence': 0.6426075398921967, 'recommendation': 'HOLD'}",
MDTL,SUCCESS,2978.0,2898.0,True,True,"{'current_price': 4.739999771118164, 'predicted_price': 4.705780474827407, 'change_pct': -0.7219261169433594, 'direction': 'DOWN', 'confidence': 0.6316853523254394, 'recommendation': 'HOLD'}",
MEBL,SUCCESS,4889.0,4831.0,True,True,"{'current_price': 426.8399963378906, 'predicted_price': 424.55047856525164, 'change_pct': -0.5363878250122052, 'direction': 'DOWN', 'confidence': 0.46933934688568113, 'recommendation': 'HOLD'}",
MEHT,SUCCESS,524.0,433.0,True,True,"{'current_price': 280.8099975585937, 'predicted_price': 278.80810530982035, 'change_pct': -0.7128992080688406, 'direction': 'DOWN', 'confidence': 0.6237868070602417, 'recommendation': 'HOLD'}",
MERIT,SUCCESS,3088.0,3030.0,True,True,"{'current_price': 13.31999969482422, 'predicted_price': 13.394855017472912, 'change_pct': 0.5619769096374522, 'direction': 'UP', 'confidence': 0.4917297959327697, 'recommendation': 'HOLD'}",
MFFL,SUCCESS,854.0,800.0,True,True,"{'current_price': 195.1600036621093, 'predicted_price': 196.04198579667465, 'change_pct': 0.45192770957946077, 'direction': 'UP', 'confidence': 0.39543674588203426, 'recommendation': 'HOLD'}",
MFL,SUCCESS,1163.0,1110.0,True,True,"{'current_price': 56.2599983215332, 'predicted_price': 55.93089989810495, 'change_pct': -0.5849598884582539, 'direction': 'DOWN', 'confidence': 0.5118399024009704, 'recommendation': 'HOLD'}",
MLCF,SUCCESS,5584.0,5531.0,True,True,"{'current_price': 102.58999633789062, 'predicted_price': 102.04005396946873, 'change_pct': -0.5360584735870387, 'direction': 'DOWN', 'confidence': 0.46905116438865657, 'recommendation': 'HOLD'}",
MODAM,SUCCESS,679.0,596.0,True,True,"{'current_price': 5.65, 'predicted_price': 5.620792274522782, 'change_pct': -0.5169508934020935, 'direction': 'DOWN', 'confidence': 0.4523320317268371, 'recommendation': 'HOLD'}",
MQTM,SUCCESS,628.0,335.0,True,True,"{'current_price': 28.0, 'predicted_price': 27.819346786499025, 'change_pct': -0.6451900482177665, 'direction': 'DOWN', 'confidence': 0.5645412921905517, 'recommendation': 'HOLD'}",
MRNS,SUCCESS,2951.0,2771.0,True,True,"{'current_price': 74.63999938964844, 'predicted_price': 74.11563277955645, 'change_pct': -0.7025276184081947, 'direction': 'DOWN', 'confidence': 0.6147116661071776, 'recommendation': 'HOLD'}",
MSCL,SUCCESS,848.0,741.0,True,True,"{'current_price': 13.25, 'predicted_price': 13.152315759420395, 'change_pct': -0.7372395515441904, 'direction': 'DOWN', 'confidence': 0.6450846076011657, 'recommendation': 'HOLD'}",
MSOT,SUCCESS,2653.0,2372.0,True,True,"{'current_price': 47.93000030517578, 'predicted_price': 47.6434712587042, 'change_pct': -0.5978073120117156, 'direction': 'DOWN', 'confidence': 0.5230813980102539, 'recommendation': 'HOLD'}",
MTIL,SUCCESS,1356.0,1235.0,True,True,"{'current_price': 8.57, 'predicted_price': 8.506646868195535, 'change_pct': -0.7392430782318008, 'direction': 'DOWN', 'confidence': 0.646837693452835, 'recommendation': 'HOLD'}",
MTL,SUCCESS,4888.0,4827.0,True,True,"{'current_price': 513.9299926757812, 'predicted_price': 511.53643883136124, 'change_pct': -0.4657353878021307, 'direction': 'DOWN', 'confidence': 0.4075184643268585, 'recommendation': 'HOLD'}",
MUGHAL,SUCCESS,1869.0,1816.0,True,True,"{'current_price': 83.36000061035156, 'predicted_price': 82.9901959428795, 'change_pct': -0.4436236381530751, 'direction': 'DOWN', 'confidence': 0.3881706833839416, 'recommendation': 'HOLD'}",
MUREB,SUCCESS,3185.0,3071.0,True,True,"{'current_price': 1040.97998046875, 'predicted_price': 1035.5326873073661, 'change_pct': -0.523285102844242, 'direction': 'DOWN', 'confidence': 0.4578744649887085, 'recommendation': 'HOLD'}",
MZNP-ETF,SKIP,,,,,,Insufficient data (4 rows)
NAGC,SUCCESS,703.0,504.0,True,True,"{'current_price': 60.02999877929688, 'predicted_price': 59.57066008031305, 'change_pct': -0.7651819229126015, 'direction': 'DOWN', 'confidence': 0.6695341825485229, 'recommendation': 'HOLD'}",
NATF,SUCCESS,2069.0,2014.0,True,True,"{'current_price': 386.4700012207031, 'predicted_price': 384.61449696424916, 'change_pct': -0.4801159858703595, 'direction': 'DOWN', 'confidence': 0.42010148763656613, 'recommendation': 'HOLD'}",
NBP,SUCCESS,5078.0,5024.0,True,True,"{'current_price': 217.5599975585937, 'predicted_price': 216.43627082088727, 'change_pct': -0.5165134906768767, 'direction': 'DOWN', 'confidence': 0.4519493043422699, 'recommendation': 'HOLD'}",
NBPG-ETF,SKIP,,,,,,Insufficient data (3 rows)
NCL,SUCCESS,5099.0,5043.0,True,True,"{'current_price': 43.880001068115234, 'predicted_price': 43.61750052913656, 'change_pct': -0.598223638534549, 'direction': 'DOWN', 'confidence': 0.5234456837177276, 'recommendation': 'HOLD'}",
NCML,SUCCESS,1654.0,1555.0,True,True,"{'current_price': 15.0, 'predicted_price': 14.891923234462737, 'change_pct': -0.7205117702484168, 'direction': 'DOWN', 'confidence': 0.6304477989673614, 'recommendation': 'HOLD'}",
NCPL,SUCCESS,3216.0,3163.0,True,True,"{'current_price': 26.170000076293945, 'predicted_price': 26.014664642806196, 'change_pct': -0.5935629844665535, 'direction': 'DOWN', 'confidence': 0.5193676114082336, 'recommendation': 'HOLD'}",
NESTLE,SUCCESS,2208.0,2011.0,True,True,"{'current_price': 7998.3701171875, 'predicted_price': 7962.913074781841, 'change_pct': -0.44330334663391524, 'direction': 'DOWN', 'confidence': 0.38789042830467224, 'recommendation': 'HOLD'}",
NETSOL,SUCCESS,4204.0,4136.0,True,True,"{'current_price': 129.67999267578125, 'predicted_price': 128.8654076959247, 'change_pct': -0.628150081634522, 'direction': 'DOWN', 'confidence': 0.5496313214302062, 'recommendation': 'HOLD'}",
NEXT,SUCCESS,2220.0,2091.0,True,True,"{'current_price': 11.699999809265137, 'predicted_price': 11.639800794343035, 'change_pct': -0.5145215034484919, 'direction': 'DOWN', 'confidence': 0.4502063155174255, 'recommendation': 'HOLD'}",
NICL,SUCCESS,700.0,644.0,True,True,"{'current_price': 224.9900054931641, 'predicted_price': 223.3448595220064, 'change_pct': -0.7312084674835361, 'direction': 'DOWN', 'confidence': 0.6398074090480804, 'recommendation': 'HOLD'}",
NITG-ETF,SKIP,,,,,,Insufficient data (120 rows)
NML,SUCCESS,5593.0,5539.0,True,True,"{'current_price': 145.02999877929688, 'predicted_price': 144.42221650719085, 'change_pct': -0.4190734863281147, 'direction': 'DOWN', 'confidence': 0.36668930053710935, 'recommendation': 'HOLD'}",
NONS,SUCCESS,1641.0,1483.0,True,True,"{'current_price': 84.48999786376953, 'predicted_price': 84.00179113825163, 'change_pct': -0.5778278350830067, 'direction': 'DOWN', 'confidence': 0.5055993556976318, 'recommendation': 'HOLD'}",
NPL,SUCCESS,3211.0,3154.0,True,True,"{'current_price': 36.2599983215332, 'predicted_price': 36.463317222157706, 'change_pct': 0.5607250690460192, 'direction': 'UP', 'confidence': 0.4906344354152679, 'recommendation': 'HOLD'}",
NRL,SUCCESS,3439.0,3386.0,True,True,"{'current_price': 375.1600036621094, 'predicted_price': 373.1016647686497, 'change_pct': -0.5486562728881768, 'direction': 'DOWN', 'confidence': 0.4800742387771606, 'recommendation': 'HOLD'}",
NRSL,SUCCESS,1563.0,1510.0,True,True,"{'current_price': 33.61000061035156, 'predicted_price': 33.39640734099652, 'change_pct': -0.6355051040649482, 'direction': 'DOWN', 'confidence': 0.5560669660568237, 'recommendation': 'HOLD'}",
NSRM,SUCCESS,576.0,303.0,True,True,"{'current_price': 91.55999755859376, 'predicted_price': 90.8577459920071, 'change_pct': -0.7669851303100595, 'direction': 'DOWN', 'confidence': 0.6711119890213012, 'recommendation': 'HOLD'}",
OGDC,SUCCESS,4610.0,4548.0,True,True,"{'current_price': 246.33999633789065, 'predicted_price': 247.4517539989564, 'change_pct': 0.4513102531433089, 'direction': 'UP', 'confidence': 0.3948964715003967, 'recommendation': 'HOLD'}",
OLPL,SUCCESS,3323.0,3254.0,True,True,"{'current_price': 47.810001373291016, 'predicted_price': 47.49081790008206, 'change_pct': -0.6676081657409662, 'direction': 'DOWN', 'confidence': 0.5841571450233459, 'recommendation': 'HOLD'}",
OML,SUCCESS,956.0,813.0,True,True,"{'current_price': 42.9900016784668, 'predicted_price': 42.73044827648063, 'change_pct': -0.6037529468536279, 'direction': 'DOWN', 'confidence': 0.5282838284969329, 'recommendation': 'HOLD'}",
ORIXM,SUCCESS,1312.0,1251.0,True,True,"{'current_price': 20.89999961853028, 'predicted_price': 20.757677010463606, 'change_pct': -0.680969429016108, 'direction': 'DOWN', 'confidence': 0.595848250389099, 'recommendation': 'HOLD'}",
ORM,SUCCESS,883.0,797.0,True,True,"{'current_price': 11.84000015258789, 'predicted_price': 11.765816687276384, 'change_pct': -0.6265495300292873, 'direction': 'DOWN', 'confidence': 0.5482308387756347, 'recommendation': 'HOLD'}",
OTSU,SUCCESS,530.0,477.0,True,True,"{'current_price': 347.260009765625, 'predicted_price': 345.0131645516634, 'change_pct': -0.6470210075378525, 'direction': 'DOWN', 'confidence': 0.5661433815956115, 'recommendation': 'HOLD'}",
PACE,SUCCESS,3832.0,3718.0,True,True,"{'current_price': 27.26000022888184, 'predicted_price': 27.095248686580195, 'change_pct': -0.6043710231780955, 'direction': 'DOWN', 'confidence': 0.528824645280838, 'recommendation': 'HOLD'}",
PAEL,SUCCESS,3436.0,3383.0,True,True,"{'current_price': 53.2599983215332, 'predicted_price': 52.92774147909124, 'change_pct': -0.6238393783569304, 'direction': 'DOWN', 'confidence': 0.5458594560623169, 'recommendation': 'HOLD'}",
PAKD,SUCCESS,4149.0,3941.0,True,True,"{'current_price': 170.05999755859375, 'predicted_price': 170.97348100098503, 'change_pct': 0.5371536254882889, 'direction': 'UP', 'confidence': 0.47000942230224607, 'recommendation': 'HOLD'}",
PAKMI,SUCCESS,2182.0,1915.0,True,True,"{'current_price': 1.6, 'predicted_price': 1.5900332641601564, 'change_pct': -0.6229209899902277, 'direction': 'DOWN', 'confidence': 0.5450558662414551, 'recommendation': 'HOLD'}",
PAKOXY,SUCCESS,1063.0,1010.0,True,True,"{'current_price': 318.0299987792969, 'predicted_price': 316.6860365106193, 'change_pct': -0.42258977890014293, 'direction': 'DOWN', 'confidence': 0.3697660565376282, 'recommendation': 'HOLD'}",
PAKRI,SUCCESS,3404.0,3350.0,True,True,"{'current_price': 17.040000915527344, 'predicted_price': 17.132154914161468, 'change_pct': 0.5408098220825273, 'direction': 'UP', 'confidence': 0.4732085943222046, 'recommendation': 'HOLD'}",
PAKT,SUCCESS,661.0,595.0,True,True,"{'current_price': 1570.0, 'predicted_price': 1559.5343202829363, 'change_pct': -0.666603803634632, 'direction': 'DOWN', 'confidence': 0.5832783281803131, 'recommendation': 'HOLD'}",
PASL,SUCCESS,3437.0,3384.0,True,True,"{'current_price': 3.400000095367432, 'predicted_price': 3.377371176084942, 'change_pct': -0.6655564308166513, 'direction': 'DOWN', 'confidence': 0.5823618769645691, 'recommendation': 'HOLD'}",
PCAL,SUCCESS,2989.0,2918.0,True,True,"{'current_price': 171.1300048828125, 'predicted_price': 172.05324007653434, 'change_pct': 0.5394934654235859, 'direction': 'UP', 'confidence': 0.47205678224563596, 'recommendation': 'HOLD'}",
PECO,SUCCESS,571.0,448.0,True,True,"{'current_price': 420.2699890136719, 'predicted_price': 418.3266791912441, 'change_pct': -0.46239557266234677, 'direction': 'DOWN', 'confidence': 0.4045961260795593, 'recommendation': 'HOLD'}",
PGLC,SUCCESS,530.0,474.0,True,True,"{'current_price': 15.239999771118164, 'predicted_price': 15.357306686108252, 'change_pct': 0.7697304248809803, 'direction': 'UP', 'confidence': 0.6735141217708587, 'recommendation': 'HOLD'}",
PHDL,SUCCESS,1402.0,915.0,True,True,"{'current_price': 50.400001525878906, 'predicted_price': 50.12178763043195, 'change_pct': -0.5520116806030224, 'direction': 'DOWN', 'confidence': 0.4830102205276489, 'recommendation': 'HOLD'}",
PIAA,SUCCESS,269.0,219.0,True,True,"{'current_price': 22.170000076293945, 'predicted_price': 22.318542370878234, 'change_pct': 0.6700148582458624, 'direction': 'UP', 'confidence': 0.5862630009651184, 'recommendation': 'HOLD'}",
PIBTL,SUCCESS,2193.0,2140.0,True,True,"{'current_price': 15.15999984741211, 'predicted_price': 15.080732977863875, 'change_pct': -0.522868537902829, 'direction': 'DOWN', 'confidence': 0.457509970664978, 'recommendation': 'HOLD'}",
PICT,SUCCESS,3162.0,3054.0,True,True,"{'current_price': 41.900001525878906, 'predicted_price': 42.166246187035426, 'change_pct': 0.6354287624359108, 'direction': 'UP', 'confidence': 0.5560001671314239, 'recommendation': 'HOLD'}",
PIL,SUCCESS,2924.0,2752.0,True,True,"{'current_price': 5.46999979019165, 'predicted_price': 5.498674896403985, 'change_pct': 0.5242249965667738, 'direction': 'UP', 'confidence': 0.45869687199592585, 'recommendation': 'HOLD'}",
PIM,SUCCESS,591.0,465.0,True,True,"{'current_price': 20.5, 'predicted_price': 20.39257980918884, 'change_pct': -0.524000930786138, 'direction': 'DOWN', 'confidence': 0.45850081443786617, 'recommendation': 'HOLD'}",
PINL,SUCCESS,2679.0,2492.0,True,True,"{'current_price': 11.1899995803833, 'predicted_price': 11.127681685624495, 'change_pct': -0.5569070339202932, 'direction': 'DOWN', 'confidence': 0.48729365468025204, 'recommendation': 'HOLD'}",
PIOC,SUCCESS,862.0,809.0,True,True,"{'current_price': 273.0832072753935, 'predicted_price': 271.37204477637204, 'change_pct': -0.6266084671020441, 'direction': 'DOWN', 'confidence': 0.5482824087142943, 'recommendation': 'HOLD'}",
PKGI,SUCCESS,2594.0,2298.0,True,True,"{'current_price': 15.25, 'predicted_price': 15.15157446396351, 'change_pct': -0.6454133510589541, 'direction': 'DOWN', 'confidence': 0.5647366821765899, 'recommendation': 'HOLD'}",
PKGP,SUCCESS,2772.0,2715.0,True,True,"{'current_price': 66.44000244140625, 'predicted_price': 66.14275969313329, 'change_pct': -0.4473852157592921, 'direction': 'DOWN', 'confidence': 0.39146206378936765, 'recommendation': 'HOLD'}",
PKGS,SUCCESS,945.0,892.0,True,True,"{'current_price': 730.8099975585938, 'predicted_price': 733.9163359185015, 'change_pct': 0.42505416870118007, 'direction': 'UP', 'confidence': 0.37192239761352536, 'recommendation': 'HOLD'}",
PMI,SUCCESS,3251.0,3145.0,True,True,"{'current_price': 6.900000095367432, 'predicted_price': 6.865009523003474, 'change_pct': -0.5071097373962334, 'direction': 'DOWN', 'confidence': 0.44372102022171017, 'recommendation': 'HOLD'}",
PMPK,SUCCESS,595.0,518.0,True,True,"{'current_price': 1431.8499755859375, 'predicted_price': 1420.673882895939, 'change_pct': -0.780535173416132, 'direction': 'DOWN', 'confidence': 0.6829682767391204, 'recommendation': 'HOLD'}",
PMRS,SUCCESS,579.0,226.0,True,True,"{'current_price': 321.8099975585937, 'predicted_price': 319.8193036661777, 'change_pct': -0.6185929298400831, 'direction': 'DOWN', 'confidence': 0.5412688136100768, 'recommendation': 'HOLD'}",
PNSC,SUCCESS,555.0,502.0,True,True,"{'current_price': 441.0, 'predicted_price': 437.582233177185, 'change_pct': -0.7750038146972782, 'direction': 'DOWN', 'confidence': 0.6781283378601074, 'recommendation': 'HOLD'}",
POL,SUCCESS,825.0,772.0,True,True,"{'current_price': 613.1699829101562, 'predicted_price': 608.7149601018227, 'change_pct': -0.7265559196472097, 'direction': 'DOWN', 'confidence': 0.6357364296913146, 'recommendation': 'HOLD'}",
POML,SUCCESS,541.0,478.0,True,True,"{'current_price': 173.1199951171875, 'predicted_price': 171.8059819682138, 'change_pct': -0.7590187072753848, 'direction': 'DOWN', 'confidence': 0.6641413688659668, 'recommendation': 'HOLD'}",
POWER,SUCCESS,4908.0,4849.0,True,True,"{'current_price': 18.0, 'predicted_price': 17.92489085197449, 'change_pct': -0.41727304458617376, 'direction': 'DOWN', 'confidence': 0.36511391401290894, 'recommendation': 'HOLD'}",
PPL,SUCCESS,3440.0,3387.0,True,True,"{'current_price': 194.6000061035156, 'predicted_price': 195.51304259083548, 'change_pct': 0.469186258316048, 'direction': 'UP', 'confidence': 0.410537976026535, 'recommendation': 'HOLD'}",
PPP,SUCCESS,611.0,548.0,True,True,"{'current_price': 135.00999450683594, 'predicted_price': 134.04778923977952, 'change_pct': -0.7126918792724635, 'direction': 'DOWN', 'confidence': 0.6236053943634032, 'recommendation': 'HOLD'}",
PPVC,SUCCESS,2102.0,1938.0,True,True,"{'current_price': 16.31999969482422, 'predicted_price': 16.20817309977787, 'change_pct': -0.6852119922637862, 'direction': 'DOWN', 'confidence': 0.5995604932308196, 'recommendation': 'HOLD'}",
PREMA,SUCCESS,1048.0,995.0,True,True,"{'current_price': 39.09000015258789, 'predicted_price': 38.799044694875796, 'change_pct': -0.7443219661712691, 'direction': 'DOWN', 'confidence': 0.6512817203998565, 'recommendation': 'HOLD'}",
PRET,SUCCESS,2297.0,1989.0,True,True,"{'current_price': 427.75, 'predicted_price': 424.7191993006468, 'change_pct': -0.708544874191285, 'direction': 'DOWN', 'confidence': 0.6199767649173736, 'recommendation': 'HOLD'}",
PRL,SUCCESS,3428.0,3375.0,True,True,"{'current_price': 36.38999938964844, 'predicted_price': 36.214773367664094, 'change_pct': -0.4815224647521941, 'direction': 'DOWN', 'confidence': 0.4213321566581726, 'recommendation': 'HOLD'}",
PRWM,SUCCESS,531.0,373.0,True,True,"{'current_price': 49.9900016784668, 'predicted_price': 49.61435804911585, 'change_pct': -0.7514375209808309, 'direction': 'DOWN', 'confidence': 0.6575078308582305, 'recommendation': 'HOLD'}",
PSMC,SUCCESS,3019.0,2961.0,True,True,"{'current_price': 609.0, 'predicted_price': 611.8309626145362, 'change_pct': 0.46485428810119, 'direction': 'UP', 'confidence': 0.4067475020885467, 'recommendation': 'HOLD'}",
PSO,SUCCESS,577.0,524.0,True,True,"{'current_price': 434.5400085449219, 'predicted_price': 431.10602228670393, 'change_pct': -0.7902577877044764, 'direction': 'DOWN', 'confidence': 0.6914755642414092, 'recommendation': 'HOLD'}",
PSX,SUCCESS,1320.0,1267.0,True,True,"{'current_price': 42.9900016784668, 'predicted_price': 42.69356017816902, 'change_pct': -0.6895591735839793, 'direction': 'DOWN', 'confidence': 0.6033642768859863, 'recommendation': 'HOLD'}",
PSYL,SUCCESS,902.0,827.0,True,True,"{'current_price': 60.18999862670898, 'predicted_price': 59.803851259191774, 'change_pct': -0.6415473937988309, 'direction': 'DOWN', 'confidence': 0.5613539695739745, 'recommendation': 'HOLD'}",
PTC,SUCCESS,535.0,482.0,True,True,"{'current_price': 36.02000045776367, 'predicted_price': 35.74981534725145, 'change_pct': -0.7500974655151287, 'direction': 'DOWN', 'confidence': 0.6563352823257446, 'recommendation': 'HOLD'}",
QUET,SUCCESS,630.0,553.0,True,True,"{'current_price': 18.0, 'predicted_price': 17.86969639778137, 'change_pct': -0.723908901214602, 'direction': 'DOWN', 'confidence': 0.6334202885627747, 'recommendation': 'HOLD'}",
QUICE,SUCCESS,1399.0,1346.0,True,True,"{'current_price': 10.020000457763672, 'predicted_price': 9.95847453153863, 'change_pct': -0.6140311717986978, 'direction': 'DOWN', 'confidence': 0.5372772753238677, 'recommendation': 'HOLD'}",
RAVT,SUCCESS,1229.0,1173.0,True,True,"{'current_price': 7.140999794006348, 'predicted_price': 7.097771205685207, 'change_pct': -0.6053576469421457, 'direction': 'DOWN', 'confidence': 0.5296879410743713, 'recommendation': 'HOLD'}",
REDCO,SUCCESS,2253.0,2108.0,True,True,"{'current_price': 21.190000534057617, 'predicted_price': 21.077245548277055, 'change_pct': -0.5321141242980928, 'direction': 'DOWN', 'confidence': 0.4655998587608337, 'recommendation': 'HOLD'}",
REWM,SUCCESS,856.0,703.0,True,True,"{'current_price': 184.94000244140625, 'predicted_price': 183.5653522938458, 'change_pct': -0.7432951927185053, 'direction': 'DOWN', 'confidence': 0.6503832936286926, 'recommendation': 'HOLD'}",
RICL,SUCCESS,697.0,620.0,True,True,"{'current_price': 17.0, 'predicted_price': 16.89853666496277, 'change_pct': -0.5968431472778277, 'direction': 'DOWN', 'confidence': 0.522237753868103, 'recommendation': 'HOLD'}",
RMPL,SUCCESS,1607.0,1384.0,True,True,"{'current_price': 9397.8896484375, 'predicted_price': 9349.455799507386, 'change_pct': -0.5153694152832086, 'direction': 'DOWN', 'confidence': 0.4509482383728027, 'recommendation': 'HOLD'}",
RPL,SUCCESS,765.0,712.0,True,True,"{'current_price': 18.309999465942383, 'predicted_price': 18.2172804550798, 'change_pct': -0.5063845634460389, 'direction': 'DOWN', 'confidence': 0.4430864930152893, 'recommendation': 'HOLD'}",
RUBY,SUCCESS,1981.0,1826.0,True,True,"{'current_price': 13.25, 'predicted_price': 13.330327619552612, 'change_pct': 0.6062461853027348, 'direction': 'UP', 'confidence': 0.5304654121398925, 'recommendation': 'HOLD'}",
RUPL,SUCCESS,601.0,541.0,True,True,"{'current_price': 37.0, 'predicted_price': 36.73572390365601, 'change_pct': -0.7142597198486248, 'direction': 'DOWN', 'confidence': 0.6249772548675536, 'recommendation': 'HOLD'}",
SAIF,SUCCESS,1860.0,1690.0,True,True,"{'current_price': 23.020000457763672, 'predicted_price': 22.91482095041929, 'change_pct': -0.45690488815307, 'direction': 'DOWN', 'confidence': 0.39979177713394165, 'recommendation': 'HOLD'}",
SANSM,SUCCESS,754.0,585.0,True,True,"{'current_price': 62.65999984741211, 'predicted_price': 62.3458942011662, 'change_pct': -0.5012857437133857, 'direction': 'DOWN', 'confidence': 0.43862502574920653, 'recommendation': 'HOLD'}",
SAPL,SUCCESS,1237.0,1093.0,True,True,"{'current_price': 785.0, 'predicted_price': 780.0091067814827, 'change_pct': -0.6357825756072958, 'direction': 'DOWN', 'confidence': 0.5563097536563872, 'recommendation': 'HOLD'}",
SAPT,SUCCESS,717.0,602.0,True,True,"{'current_price': 1391.0, 'predicted_price': 1381.2593632330895, 'change_pct': -0.7002614498138378, 'direction': 'DOWN', 'confidence': 0.6127287685871123, 'recommendation': 'HOLD'}",
SARC,SUCCESS,1156.0,953.0,True,True,"{'current_price': 76.19999694824219, 'predicted_price': 75.65274948690559, 'change_pct': -0.7181725502014212, 'direction': 'DOWN', 'confidence': 0.628400981426239, 'recommendation': 'HOLD'}",
SAZEW,SUCCESS,1463.0,1410.0,True,True,"{'current_price': 1725.0799560546875, 'predicted_price': 1732.757075643988, 'change_pct': 0.44502978324890297, 'direction': 'UP', 'confidence': 0.38940106034278865, 'recommendation': 'HOLD'}",
SBL,SUCCESS,979.0,915.0,True,True,"{'current_price': 11.899999618530272, 'predicted_price': 11.813039175389326, 'change_pct': -0.7307600498199497, 'direction': 'DOWN', 'confidence': 0.6394150435924529, 'recommendation': 'HOLD'}",
SCBPL,SUCCESS,1291.0,1238.0,True,True,"{'current_price': 63.790000915527344, 'predicted_price': 63.33733984768651, 'change_pct': -0.7096113204956112, 'direction': 'DOWN', 'confidence': 0.6209099054336548, 'recommendation': 'HOLD'}",
SCL,SUCCESS,646.0,544.0,True,True,"{'current_price': 370.9100036621094, 'predicted_price': 368.01719791844937, 'change_pct': -0.7799211978912508, 'direction': 'DOWN', 'confidence': 0.6824310481548309, 'recommendation': 'HOLD'}",
SEARL,SUCCESS,3391.0,3338.0,True,True,"{'current_price': 105.0, 'predicted_price': 105.61428048133851, 'change_pct': 0.5850290298462011, 'direction': 'UP', 'confidence': 0.5119004011154175, 'recommendation': 'HOLD'}",
SEL,SUCCESS,557.0,412.0,True,True,"{'current_price': 23.285800220489623, 'predicted_price': 23.10634178200371, 'change_pct': -0.770677566528308, 'direction': 'DOWN', 'confidence': 0.6743428707122803, 'recommendation': 'HOLD'}",
SEPL,SUCCESS,3236.0,3144.0,True,True,"{'current_price': 162.63999938964844, 'predicted_price': 161.84701934520763, 'change_pct': -0.487567663192749, 'direction': 'DOWN', 'confidence': 0.4266217052936554, 'recommendation': 'HOLD'}",
SERF,SUCCESS,1163.0,1056.0,True,True,"{'current_price': 10.27, 'predicted_price': 10.202051161079407, 'change_pct': -0.6616245269775355, 'direction': 'DOWN', 'confidence': 0.5789214611053466, 'recommendation': 'HOLD'}",
SERT,SUCCESS,1555.0,1307.0,True,True,"{'current_price': 40.75, 'predicted_price': 40.45037392902374, 'change_pct': -0.7352787017822319, 'direction': 'DOWN', 'confidence': 0.6433688640594482, 'recommendation': 'HOLD'}",
SFL,SUCCESS,749.0,649.0,True,True,"{'current_price': 1246.8299560546875, 'predicted_price': 1240.6478542335858, 'change_pct': -0.4958255767822234, 'direction': 'DOWN', 'confidence': 0.4338473796844482, 'recommendation': 'HOLD'}",
SHCM,SUCCESS,516.0,314.0,True,True,"{'current_price': 60.18999862670898, 'predicted_price': 59.717417309638165, 'change_pct': -0.7851492404937636, 'direction': 'DOWN', 'confidence': 0.6870055854320526, 'recommendation': 'HOLD'}",
SHDT,SUCCESS,776.0,694.0,True,True,"{'current_price': 56.18000030517578, 'predicted_price': 55.949545912329995, 'change_pct': -0.41020717620849606, 'direction': 'DOWN', 'confidence': 0.35893127918243406, 'recommendation': 'HOLD'}",
SHEL,SUCCESS,3423.0,3369.0,True,True,"{'current_price': 190.1100006103516, 'predicted_price': 191.36030824153346, 'change_pct': 0.6576758861541915, 'direction': 'UP', 'confidence': 0.5754664003849029, 'recommendation': 'HOLD'}",
SHEZ,SUCCESS,721.0,667.0,True,True,"{'current_price': 269.92999267578125, 'predicted_price': 271.21861147646564, 'change_pct': 0.477390003204341, 'direction': 'UP', 'confidence': 0.4177162528038025, 'recommendation': 'HOLD'}",
SHFA,SUCCESS,2748.0,2666.0,True,True,"{'current_price': 512.7899780273438, 'predicted_price': 509.80348558819304, 'change_pct': -0.5824007034301787, 'direction': 'DOWN', 'confidence': 0.5096006155014038, 'recommendation': 'HOLD'}",
SHJS,SUCCESS,1376.0,1086.0,True,True,"{'current_price': 183.4900054931641, 'predicted_price': 182.2059555323524, 'change_pct': -0.699792861938487, 'direction': 'DOWN', 'confidence': 0.612318754196167, 'recommendation': 'HOLD'}",
SHNI,SUCCESS,2427.0,2299.0,True,True,"{'current_price': 11.4399995803833, 'predicted_price': 11.358091858091637, 'change_pct': -0.7159766197204671, 'direction': 'DOWN', 'confidence': 0.6264795422554016, 'recommendation': 'HOLD'}",
SHSML,SUCCESS,2687.0,2549.0,True,True,"{'current_price': 449.8399963378906, 'predicted_price': 452.4703751587163, 'change_pct': 0.5847365379333485, 'direction': 'UP', 'confidence': 0.5116444706916808, 'recommendation': 'HOLD'}",
SIBL,SUCCESS,2429.0,2148.0,True,True,"{'current_price': 8.5, 'predicted_price': 8.444901460886001, 'change_pct': -0.648218107223516, 'direction': 'DOWN', 'confidence': 0.5671908438205718, 'recommendation': 'HOLD'}",
SIEM,SUCCESS,3089.0,2950.0,True,True,"{'current_price': 1550.010009765625, 'predicted_price': 1539.299261971884, 'change_pct': -0.6910115242004438, 'direction': 'DOWN', 'confidence': 0.6046350836753844, 'recommendation': 'HOLD'}",
SILK,SUCCESS,3042.0,2982.0,True,True,"{'current_price': 1.149999976158142, 'predicted_price': 1.1419667688366268, 'change_pct': -0.6985397815704442, 'direction': 'DOWN', 'confidence': 0.6112223088741302, 'recommendation': 'HOLD'}",
SINDM,SUCCESS,1415.0,1170.0,True,True,"{'current_price': 16.940000534057617, 'predicted_price': 16.83068074816334, 'change_pct': -0.6453351974487421, 'direction': 'DOWN', 'confidence': 0.5646682977676392, 'recommendation': 'HOLD'}",
SITC,SUCCESS,3159.0,3009.0,True,True,"{'current_price': 850.0, 'predicted_price': 846.5456817626953, 'change_pct': -0.4063903808593804, 'direction': 'DOWN', 'confidence': 0.3555915832519531, 'recommendation': 'HOLD'}",
SKRS,SUCCESS,2214.0,2036.0,True,True,"{'current_price': 36.9900016784668, 'predicted_price': 37.201572944919256, 'change_pct': 0.571968793869027, 'direction': 'UP', 'confidence': 0.5004726946353912, 'recommendation': 'HOLD'}",
SLL,SUCCESS,567.0,195.0,True,True,"{'current_price': 1.7000000476837158, 'predicted_price': 1.6879361855460935, 'change_pct': -0.7096389293670664, 'direction': 'DOWN', 'confidence': 0.6209340631961822, 'recommendation': 'HOLD'}",
SLYT,SUCCESS,555.0,368.0,True,True,"{'current_price': 13.300000190734863, 'predicted_price': 13.197600770149382, 'change_pct': -0.7699204444885304, 'direction': 'DOWN', 'confidence': 0.6736803889274596, 'recommendation': 'HOLD'}",
SMBL,SUCCESS,2933.0,2883.0,True,True,"{'current_price': 1.7, 'predicted_price': 1.6911901052474976, 'change_pct': -0.5182291030883752, 'direction': 'DOWN', 'confidence': 0.4534504652023315, 'recommendation': 'HOLD'}",
SMCPL,SUCCESS,2618.0,2544.0,True,True,"{'current_price': 41.54999923706055, 'predicted_price': 41.340017313712096, 'change_pct': -0.5053716659545868, 'direction': 'DOWN', 'confidence': 0.4422002077102661, 'recommendation': 'HOLD'}",
SML,SUCCESS,1130.0,1074.0,True,True,"{'current_price': 65.0, 'predicted_price': 64.65635915279388, 'change_pct': -0.5286782264709499, 'direction': 'DOWN', 'confidence': 0.4625934481620788, 'recommendation': 'HOLD'}",
SMTM,SUCCESS,2490.0,2404.0,True,True,"{'current_price': 3.99, 'predicted_price': 3.9665141915702824, 'change_pct': -0.5886167526245066, 'direction': 'DOWN', 'confidence': 0.5150396585464477, 'recommendation': 'HOLD'}",
SNAI,SUCCESS,2339.0,2097.0,True,True,"{'current_price': 27.299999237060547, 'predicted_price': 27.414030410870005, 'change_pct': 0.41769661903381117, 'direction': 'UP', 'confidence': 0.36548454165458677, 'recommendation': 'HOLD'}",
SNBL,SUCCESS,3339.0,3278.0,True,True,"{'current_price': 25.790000915527344, 'predicted_price': 25.621232633712594, 'change_pct': -0.6543942451476972, 'direction': 'DOWN', 'confidence': 0.5725949645042419, 'recommendation': 'HOLD'}",
SNGP,SUCCESS,5603.0,5547.0,True,True,"{'current_price': 120.31999969482422, 'predicted_price': 119.6227825798934, 'change_pct': -0.5794690132141136, 'direction': 'DOWN', 'confidence': 0.5070353865623474, 'recommendation': 'HOLD'}",
SPEL,SUCCESS,1831.0,1777.0,True,True,"{'current_price': 56.11000061035156, 'predicted_price': 55.781914781310846, 'change_pct': -0.5847189903259227, 'direction': 'DOWN', 'confidence': 0.5116291165351867, 'recommendation': 'HOLD'}",
SPL,SUCCESS,3439.0,3385.0,True,True,"{'current_price': 39.11000061035156, 'predicted_price': 38.928206110005476, 'change_pct': -0.46482868194578686, 'direction': 'DOWN', 'confidence': 0.4067250967025757, 'recommendation': 'HOLD'}",
SPLC,SUCCESS,752.0,188.0,True,True,"{'current_price': 0.8999999761581421, 'predicted_price': 0.9067689080829374, 'change_pct': 0.7521035671234214, 'direction': 'UP', 'confidence': 0.6580906212329865, 'recommendation': 'HOLD'}",
SPWL,SUCCESS,1921.0,1867.0,True,True,"{'current_price': 10.800000190734863, 'predicted_price': 10.743818619117356, 'change_pct': -0.5201997280120866, 'direction': 'DOWN', 'confidence': 0.45517476201057433, 'recommendation': 'HOLD'}",
SRVI,SUCCESS,3329.0,3259.0,True,True,"{'current_price': 1386.760009765625, 'predicted_price': 1379.7844611486355, 'change_pct': -0.5030105113983226, 'direction': 'DOWN', 'confidence': 0.44013419747352595, 'recommendation': 'HOLD'}",
SSGC,SUCCESS,3440.0,3385.0,True,True,"{'current_price': 32.54130935668945, 'predicted_price': 32.714058630901036, 'change_pct': 0.5308614730835073, 'direction': 'UP', 'confidence': 0.46450378894805905, 'recommendation': 'HOLD'}",
SSML,SUCCESS,2145.0,2023.0,True,True,"{'current_price': 23.0, 'predicted_price': 22.846995172500613, 'change_pct': -0.665238380432119, 'direction': 'DOWN', 'confidence': 0.5820835828781128, 'recommendation': 'HOLD'}",
SSOM,SUCCESS,1643.0,1511.0,True,True,"{'current_price': 464.5199890136719, 'predicted_price': 461.50966047708084, 'change_pct': -0.6480514526367199, 'direction': 'DOWN', 'confidence': 0.5670450210571288, 'recommendation': 'HOLD'}",
STCL,SUCCESS,3146.0,3092.0,True,True,"{'current_price': 15.229999542236328, 'predicted_price': 15.292525836681722, 'change_pct': 0.41054692268371, 'direction': 'UP', 'confidence': 0.3592285573482513, 'recommendation': 'HOLD'}",
STJT,SUCCESS,695.0,506.0,True,True,"{'current_price': 100.2300033569336, 'predicted_price': 99.50415223928324, 'change_pct': -0.7241854667663625, 'direction': 'DOWN', 'confidence': 0.6336622834205627, 'recommendation': 'HOLD'}",
STML,SUCCESS,556.0,269.0,True,True,"{'current_price': 31.5, 'predicted_price': 31.25435158896446, 'change_pct': -0.7798362255096477, 'direction': 'DOWN', 'confidence': 0.6823566973209381, 'recommendation': 'HOLD'}",
STPL,SUCCESS,4032.0,3979.0,True,True,"{'current_price': 8.180000305175781, 'predicted_price': 8.146033944808238, 'change_pct': -0.4152366638183566, 'direction': 'DOWN', 'confidence': 0.36333208084106444, 'recommendation': 'HOLD'}",
SURC,SUCCESS,2388.0,2062.0,True,True,"{'current_price': 121.08999633789062, 'predicted_price': 120.59171437960767, 'change_pct': -0.4114972114563029, 'direction': 'DOWN', 'confidence': 0.36006006002426144, 'recommendation': 'HOLD'}",
SUTM,SUCCESS,682.0,589.0,True,True,"{'current_price': 129.9499969482422, 'predicted_price': 129.02645999631116, 'change_pct': -0.7106863975524852, 'direction': 'DOWN', 'confidence': 0.6218505978584289, 'recommendation': 'HOLD'}",
SYS,SUCCESS,1907.0,1851.0,True,True,"{'current_price': 148.27000427246094, 'predicted_price': 147.55970781369047, 'change_pct': -0.47905607223510377, 'direction': 'DOWN', 'confidence': 0.419174063205719, 'recommendation': 'HOLD'}",
TATM,SUCCESS,1939.0,1700.0,True,True,"{'current_price': 186.97999572753903, 'predicted_price': 185.6270919198754, 'change_pct': -0.723555374145501, 'direction': 'DOWN', 'confidence': 0.6331109523773193, 'recommendation': 'HOLD'}",
TELE,SUCCESS,5590.0,5537.0,True,True,"{'current_price': 12.43000030517578, 'predicted_price': 12.353894404683794, 'change_pct': -0.6122759342193662, 'direction': 'DOWN', 'confidence': 0.5357414424419402, 'recommendation': 'HOLD'}",
TGL,SUCCESS,3415.0,3360.0,True,True,"{'current_price': 192.4600067138672, 'predicted_price': 191.44850454652806, 'change_pct': -0.5255648612976225, 'direction': 'DOWN', 'confidence': 0.4598692536354065, 'recommendation': 'HOLD'}",
THALL,SUCCESS,3412.0,3354.0,True,True,"{'current_price': 530.0, 'predicted_price': 532.3199774789811, 'change_pct': 0.437731599807747, 'direction': 'UP', 'confidence': 0.3830151498317718, 'recommendation': 'HOLD'}",
THCCL,SUCCESS,2860.0,2757.0,True,True,"{'current_price': 91.12999725341795, 'predicted_price': 90.65460768947011, 'change_pct': -0.5216609001159744, 'direction': 'DOWN', 'confidence': 0.4564532876014709, 'recommendation': 'HOLD'}",
TICL,SUCCESS,664.0,512.0,True,True,"{'current_price': 630.0, 'predicted_price': 625.1814275979996, 'change_pct': -0.76485276222229, 'direction': 'DOWN', 'confidence': 0.6692461669445038, 'recommendation': 'HOLD'}",
TOMCL,SUCCESS,556.0,503.0,True,True,"{'current_price': 56.5, 'predicted_price': 56.169519000530244, 'change_pct': -0.5849221229553211, 'direction': 'DOWN', 'confidence': 0.5118068575859069, 'recommendation': 'HOLD'}",
TOWL,SUCCESS,709.0,653.0,True,True,"{'current_price': 155.0, 'predicted_price': 153.98379343032838, 'change_pct': -0.6556171417236284, 'direction': 'DOWN', 'confidence': 0.5736649990081787, 'recommendation': 'HOLD'}",
TPL,SUCCESS,2538.0,2485.0,True,True,"{'current_price': 8.09000015258789, 'predicted_price': 8.04856283443496, 'change_pct': -0.5122041702270508, 'direction': 'DOWN', 'confidence': 0.4481786489486694, 'recommendation': 'HOLD'}",
TPLI,SUCCESS,540.0,453.0,True,True,"{'current_price': 23.450000762939453, 'predicted_price': 23.306797012056904, 'change_pct': -0.6106769561767733, 'direction': 'DOWN', 'confidence': 0.534342336654663, 'recommendation': 'HOLD'}",
TPLP,SUCCESS,1071.0,958.0,True,True,"{'current_price': 11.770000457763672, 'predicted_price': 11.701898188250233, 'change_pct': -0.5786088943481518, 'direction': 'DOWN', 'confidence': 0.5062827825546264, 'recommendation': 'HOLD'}",
TPLT,SUCCESS,550.0,497.0,True,True,"{'current_price': 7.5, 'predicted_price': 7.451540286540986, 'change_pct': -0.6461295127868519, 'direction': 'DOWN', 'confidence': 0.5653633236885071, 'recommendation': 'HOLD'}",
TREET,SUCCESS,3305.0,3243.0,True,True,"{'current_price': 33.470001220703125, 'predicted_price': 33.31654166282293, 'change_pct': -0.45849881172180346, 'direction': 'DOWN', 'confidence': 0.4011864602565765, 'recommendation': 'HOLD'}",
TRG,SUCCESS,4790.0,4720.0,True,True,"{'current_price': 70.45999908447266, 'predicted_price': 70.15574203477424, 'change_pct': -0.4318152904510477, 'direction': 'DOWN', 'confidence': 0.37783837914466856, 'recommendation': 'HOLD'}",
TRIPF,SUCCESS,3339.0,3283.0,True,True,"{'current_price': 134.0, 'predicted_price': 134.73784394073488, 'change_pct': 0.5506298065185645, 'direction': 'UP', 'confidence': 0.48180108070373534, 'recommendation': 'HOLD'}",
TRPOL,SUCCESS,2485.0,2421.0,True,True,"{'current_price': 8.45, 'predicted_price': 8.494969365072249, 'change_pct': 0.5321818351745539, 'direction': 'UP', 'confidence': 0.46565910577774045, 'recommendation': 'HOLD'}",
TRSM,SUCCESS,555.0,478.0,True,True,"{'current_price': 61.380001068115234, 'predicted_price': 61.131257954665365, 'change_pct': -0.4052510738372772, 'direction': 'DOWN', 'confidence': 0.3545946896076202, 'recommendation': 'HOLD'}",
TSBL,SUCCESS,1416.0,1078.0,True,True,"{'current_price': 57.038058826447724, 'predicted_price': 56.751956642268254, 'change_pct': -0.5015987396240211, 'direction': 'DOWN', 'confidence': 0.4388988971710205, 'recommendation': 'HOLD'}",
TSMF,SUCCESS,551.0,501.0,True,True,"{'current_price': 14.350000381469728, 'predicted_price': 14.264953279475549, 'change_pct': -0.5926627159118522, 'direction': 'DOWN', 'confidence': 0.5185798764228821, 'recommendation': 'HOLD'}",
TSML,SUCCESS,650.0,403.0,True,True,"{'current_price': 222.9600067138672, 'predicted_price': 221.92593106436624, 'change_pct': -0.46379423141479187, 'direction': 'DOWN', 'confidence': 0.40581995248794556, 'recommendation': 'HOLD'}",
TSPL,SUCCESS,4781.0,4723.0,True,True,"{'current_price': 12.970000267028809, 'predicted_price': 12.8912021991433, 'change_pct': -0.6075409889221152, 'direction': 'DOWN', 'confidence': 0.5315983653068542, 'recommendation': 'HOLD'}",
UBDL,SUCCESS,650.0,588.0,True,True,"{'current_price': 27.190000534057617, 'predicted_price': 27.326148048624102, 'change_pct': 0.5007264137268012, 'direction': 'UP', 'confidence': 0.4381356120109558, 'recommendation': 'HOLD'}",
UBL,SUCCESS,4223.0,4168.0,True,True,"{'current_price': 373.5199890136719, 'predicted_price': 371.754052522492, 'change_pct': -0.47278232574462353, 'direction': 'DOWN', 'confidence': 0.4136845350265503, 'recommendation': 'HOLD'}",
UBLP-ETF,SKIP,,,,,,Insufficient data (114 rows)
UCAPM,SUCCESS,1854.0,1706.0,True,True,"{'current_price': 6.369999885559082, 'predicted_price': 6.334403692513058, 'change_pct': -0.5588099479675306, 'direction': 'DOWN', 'confidence': 0.4889587044715881, 'recommendation': 'HOLD'}",
UDPL,SUCCESS,2591.0,2280.0,True,True,"{'current_price': 121.98999786376952, 'predicted_price': 121.30428809489355, 'change_pct': -0.5621032714843741, 'direction': 'DOWN', 'confidence': 0.49184036254882807, 'recommendation': 'HOLD'}",
UNIC,SUCCESS,2991.0,2931.0,True,True,"{'current_price': 15.100000381469728, 'predicted_price': 15.018363484322963, 'change_pct': -0.5406416893005364, 'direction': 'DOWN', 'confidence': 0.47306147813796995, 'recommendation': 'HOLD'}",
UNITY,SUCCESS,1253.0,1200.0,True,True,"{'current_price': 22.459999084472656, 'predicted_price': 22.553086912566357, 'change_pct': 0.41446051597595823, 'direction': 'UP', 'confidence': 0.3626529514789581, 'recommendation': 'HOLD'}",
UPFL,SUCCESS,2057.0,1814.0,True,True,"{'current_price': 29499.669921875, 'predicted_price': 29278.156807142354, 'change_pct': -0.75090031623841, 'direction': 'DOWN', 'confidence': 0.6570377767086029, 'recommendation': 'HOLD'}",
UVIC,SUCCESS,543.0,442.0,True,True,"{'current_price': 24.920000076293945, 'predicted_price': 24.72326972346157, 'change_pct': -0.7894476413726912, 'direction': 'DOWN', 'confidence': 0.6907666862010955, 'recommendation': 'HOLD'}",
WAHN,SUCCESS,2829.0,2696.0,True,True,"{'current_price': 351.7900085449219, 'predicted_price': 350.1988204828385, 'change_pct': -0.4523118972778217, 'direction': 'DOWN', 'confidence': 0.395772910118103, 'recommendation': 'HOLD'}",
WAVES,SUCCESS,1062.0,1009.0,True,True,"{'current_price': 14.210000038146973, 'predicted_price': 14.149779292383656, 'change_pct': -0.42379131317138274, 'direction': 'DOWN', 'confidence': 0.37081739902496336, 'recommendation': 'HOLD'}",
WTL,SUCCESS,4159.0,4104.0,True,True,"{'current_price': 1.840000033378601, 'predicted_price': 1.8288226599763746, 'change_pct': -0.6074659347534148, 'direction': 'DOWN', 'confidence': 0.5315326929092407, 'recommendation': 'HOLD'}",
WYETH,SUCCESS,2179.0,1935.0,True,True,"{'current_price': 860.0, 'predicted_price': 856.2438578796387, 'change_pct': -0.436760711669924, 'direction': 'DOWN', 'confidence': 0.3821656227111816, 'recommendation': 'HOLD'}",
YOUW,SUCCESS,1810.0,1661.0,True,True,"{'current_price': 5.78000020980835, 'predicted_price': 5.804125948742181, 'change_pct': 0.41740031242371073, 'direction': 'UP', 'confidence': 0.3652252733707428, 'recommendation': 'HOLD'}",
ZAHID,SUCCESS,2291.0,2067.0,True,True,"{'current_price': 66.2699966430664, 'predicted_price': 65.78706052684942, 'change_pct': -0.7287402153015171, 'direction': 'DOWN', 'confidence': 0.6376476883888245, 'recommendation': 'HOLD'}",
ZIL,SUCCESS,2779.0,2522.0,True,True,"{'current_price': 557.9019797363425, 'predicted_price': 560.716582497314, 'change_pct': 0.5044977188110483, 'direction': 'UP', 'confidence': 0.44143550395965575, 'recommendation': 'HOLD'}",
ZTL,SUCCESS,860.0,715.0,True,True,"{'current_price': 15.210000038146973, 'predicted_price': 15.10962597727874, 'change_pct': -0.6599215030670181, 'direction': 'DOWN', 'confidence': 0.5774313151836394, 'recommendation': 'HOLD'}",
